row ID,row m/z,row retention time,Branco_P2_200922.mzXML Peak status,Branco_P2_200922.mzXML Peak m/z,Branco_P2_200922.mzXML Peak RT,Branco_P2_200922.mzXML Peak area,Branco_P1_200922.mzXML Peak status,Branco_P1_200922.mzXML Peak m/z,Branco_P1_200922.mzXML Peak RT,Branco_P1_200922.mzXML Peak area,Branco_P_200922.mzXML Peak status,Branco_P_200922.mzXML Peak m/z,Branco_P_200922.mzXML Peak RT,Branco_P_200922.mzXML Peak area,Branco_P3_200922.mzXML Peak status,Branco_P3_200922.mzXML Peak m/z,Branco_P3_200922.mzXML Peak RT,Branco_P3_200922.mzXML Peak area,LA_108.mzXML Peak status,LA_108.mzXML Peak m/z,LA_108.mzXML Peak RT,LA_108.mzXML Peak area,Branco_P4_200922.mzXML Peak status,Branco_P4_200922.mzXML Peak m/z,Branco_P4_200922.mzXML Peak RT,Branco_P4_200922.mzXML Peak area,LA_189.mzXML Peak status,LA_189.mzXML Peak m/z,LA_189.mzXML Peak RT,LA_189.mzXML Peak area,LA_040.mzXML Peak status,LA_040.mzXML Peak m/z,LA_040.mzXML Peak RT,LA_040.mzXML Peak area,LA_062.mzXML Peak status,LA_062.mzXML Peak m/z,LA_062.mzXML Peak RT,LA_062.mzXML Peak area,LA_115.mzXML Peak status,LA_115.mzXML Peak m/z,LA_115.mzXML Peak RT,LA_115.mzXML Peak area,LA_167.mzXML Peak status,LA_167.mzXML Peak m/z,LA_167.mzXML Peak RT,LA_167.mzXML Peak area,LA_191.mzXML Peak status,LA_191.mzXML Peak m/z,LA_191.mzXML Peak RT,LA_191.mzXML Peak area,LA_024.mzXML Peak status,LA_024.mzXML Peak m/z,LA_024.mzXML Peak RT,LA_024.mzXML Peak area,LA_125.mzXML Peak status,LA_125.mzXML Peak m/z,LA_125.mzXML Peak RT,LA_125.mzXML Peak area,LA_170.mzXML Peak status,LA_170.mzXML Peak m/z,LA_170.mzXML Peak RT,LA_170.mzXML Peak area,LA_209.mzXML Peak status,LA_209.mzXML Peak m/z,LA_209.mzXML Peak RT,LA_209.mzXML Peak area,LA_196.mzXML Peak status,LA_196.mzXML Peak m/z,LA_196.mzXML Peak RT,LA_196.mzXML Peak area,LA_159.mzXML Peak status,LA_159.mzXML Peak m/z,LA_159.mzXML Peak RT,LA_159.mzXML Peak area,LA_112.mzXML Peak status,LA_112.mzXML Peak m/z,LA_112.mzXML Peak RT,LA_112.mzXML Peak area,LA_193.mzXML Peak status,LA_193.mzXML Peak m/z,LA_193.mzXML Peak RT,LA_193.mzXML Peak area,LA_077.mzXML Peak status,LA_077.mzXML Peak m/z,LA_077.mzXML Peak RT,LA_077.mzXML Peak area,LA_001.mzXML Peak status,LA_001.mzXML Peak m/z,LA_001.mzXML Peak RT,LA_001.mzXML Peak area,LA_168.mzXML Peak status,LA_168.mzXML Peak m/z,LA_168.mzXML Peak RT,LA_168.mzXML Peak area,LA_183.mzXML Peak status,LA_183.mzXML Peak m/z,LA_183.mzXML Peak RT,LA_183.mzXML Peak area,LA_174.mzXML Peak status,LA_174.mzXML Peak m/z,LA_174.mzXML Peak RT,LA_174.mzXML Peak area
1,42.0,1.345,UNKNOWN,0,0,0,UNKNOWN,0,0,0,UNKNOWN,0,0,0,UNKNOWN,0,0,0,ESTIMATED,42.0,1.325,820326.4381358925,UNKNOWN,0,0,0,ESTIMATED,42.0,1.32,438805.20000030834,ESTIMATED,42.0,1.3299999999999998,338164.50029723725,ESTIMATED,42.0,1.3299999999999998,408408.66882110736,ESTIMATED,42.0,1.3099999999999998,764518.65,ESTIMATED,42.0,1.3299999999999998,394354.8883677784,ESTIMATED,42.0,1.325,308886.40845117485,ESTIMATED,42.0,1.325,364304.05704389745,ESTIMATED,42.0,1.3299999999999998,363350.71169978427,ESTIMATED,42.0,1.32,752959.1892045359,ESTIMATED,42.0,1.335,385870.46843415935,ESTIMATED,42.0,1.32,245397.48524529283,ESTIMATED,42.0,1.3299999999999998,346412.1117567473,ESTIMATED,42.0,1.325,330155.67135504505,ESTIMATED,42.0,1.335,348313.7753386,ESTIMATED,42.0,1.445,218849.53558441566,ESTIMATED,42.0,1.32,417075.9000003103,ESTIMATED,42.0,1.32,475246.2932362646,ESTIMATED,42.0,1.605,15090.635014248546,ESTIMATED,42.0,1.3299999999999998,269994.43312031735
2,44.0,1.330,UNKNOWN,0,0,0,UNKNOWN,0,0,0,UNKNOWN,0,0,0,UNKNOWN,0,0,0,UNKNOWN,0,0,0,UNKNOWN,0,0,0,UNKNOWN,0,0,0,UNKNOWN,0,0,0,UNKNOWN,0,0,0,UNKNOWN,0,0,0,UNKNOWN,0,0,0,UNKNOWN,0,0,0,UNKNOWN,0,0,0,UNKNOWN,0,0,0,ESTIMATED,44.0,1.335,1.5433557000000002E7,UNKNOWN,0,0,0,UNKNOWN,0,0,0,UNKNOWN,0,0,0,ESTIMATED,44.0,1.335,1.4512329599999998E7,UNKNOWN,0,0,0,ESTIMATED,44.0,1.32,1.9349397967410684E7,UNKNOWN,0,0,0,UNKNOWN,0,0,0,UNKNOWN,0,0,0,UNKNOWN,0,0,0
3,40.0,1.541,ESTIMATED,39.95000076293945,1.99,85827.59606986903,UNKNOWN,0,0,0,UNKNOWN,0,0,0,UNKNOWN,0,0,0,UNKNOWN,0,0,0,ESTIMATED,39.95000076293945,1.535,1.3175058354093686E7,UNKNOWN,0,0,0,UNKNOWN,0,0,0,UNKNOWN,0,0,0,UNKNOWN,0,0,0,UNKNOWN,0,0,0,UNKNOWN,0,0,0,UNKNOWN,0,0,0,UNKNOWN,0,0,0,UNKNOWN,0,0,0,UNKNOWN,0,0,0,UNKNOWN,0,0,0,UNKNOWN,0,0,0,UNKNOWN,0,0,0,UNKNOWN,0,0,0,ESTIMATED,39.95000076293945,1.32,1.3031907527100198E7,UNKNOWN,0,0,0,UNKNOWN,0,0,0,ESTIMATED,39.95000076293945,1.32,9537112.381304808,UNKNOWN,0,0,0
4,44.7,1.775,UNKNOWN,0,0,0,UNKNOWN,0,0,0,UNKNOWN,0,0,0,UNKNOWN,0,0,0,UNKNOWN,0,0,0,UNKNOWN,0,0,0,ESTIMATED,39.95000076293945,1.74,6455185.199999996,UNKNOWN,0,0,0,ESTIMATED,43.95000076293945,1.75,9863820.149999999,UNKNOWN,0,0,0,ESTIMATED,39.95000076293945,1.745,6396593.849999999,UNKNOWN,0,0,0,ESTIMATED,43.95000076293945,1.74,9903391.950000001,ESTIMATED,39.95000076293945,1.715,7275887.850000003,ESTIMATED,43.95000076293945,1.745,1.1887855800000006E7,ESTIMATED,42.0,1.72,110586.74999999999,ESTIMATED,43.95000076293945,1.73,1.832142945E7,UNKNOWN,0,0,0,ESTIMATED,43.95000076293945,1.745,1.0427796300000004E7,ESTIMATED,43.95000076293945,1.745,7946403.749999998,ESTIMATED,43.95000076293945,1.725,1.6587347399999993E7,ESTIMATED,43.95000076293945,1.745,1.1180238899999993E7,ESTIMATED,68.0,2.12,37071.9,ESTIMATED,47.0,1.9849999999999999,150480.15,ESTIMATED,42.0,1.675,132688.19999999995
5,43.4,1.656,UNKNOWN,0,0,0,UNKNOWN,0,0,0,UNKNOWN,0,0,0,UNKNOWN,0,0,0,UNKNOWN,0,0,0,UNKNOWN,0,0,0,UNKNOWN,0,0,0,UNKNOWN,0,0,0,ESTIMATED,44.95000076293945,1.375,254909.99999999962,UNKNOWN,0,0,0,UNKNOWN,0,0,0,UNKNOWN,0,0,0,UNKNOWN,0,0,0,ESTIMATED,43.95000076293945,1.73,1.5642893400000004E7,ESTIMATED,39.95000076293945,1.73,6797572.499999999,ESTIMATED,39.95000076293945,1.325,1.4318930849999992E7,ESTIMATED,47.0,1.995,60827.24999999996,UNKNOWN,0,0,0,ESTIMATED,39.95000076293945,1.73,6838204.200000002,ESTIMATED,39.95000076293945,1.725,6922812.149999999,ESTIMATED,42.0,1.66,233474.39999999997,UNKNOWN,0,0,0,UNKNOWN,0,0,0,ESTIMATED,47.95000076293945,1.32,100286.09999999993,ESTIMATED,48.0,1.97,38563.94999999999
6,44.0,2.090,UNKNOWN,0,0,0,UNKNOWN,0,0,0,UNKNOWN,0,0,0,UNKNOWN,0,0,0,UNKNOWN,0,0,0,UNKNOWN,0,0,0,UNKNOWN,0,0,0,UNKNOWN,0,0,0,UNKNOWN,0,0,0,UNKNOWN,0,0,0,UNKNOWN,0,0,0,UNKNOWN,0,0,0,UNKNOWN,0,0,0,UNKNOWN,0,0,0,UNKNOWN,0,0,0,UNKNOWN,0,0,0,UNKNOWN,0,0,0,UNKNOWN,0,0,0,UNKNOWN,0,0,0,ESTIMATED,44.0,2.105,457450.6975466139,ESTIMATED,44.0,2.055,1216026.9488619494,UNKNOWN,0,0,0,UNKNOWN,0,0,0,UNKNOWN,0,0,0,ESTIMATED,44.0,2.11,306912.44622709294
7,58.0,2.401,UNKNOWN,0,0,0,UNKNOWN,0,0,0,UNKNOWN,0,0,0,UNKNOWN,0,0,0,UNKNOWN,0,0,0,UNKNOWN,0,0,0,UNKNOWN,0,0,0,ESTIMATED,58.0,2.665,39085.42947841879,ESTIMATED,58.0,2.65,18977.135923173057,UNKNOWN,0,0,0,ESTIMATED,58.0,2.21,36981.723608640394,UNKNOWN,0,0,0,UNKNOWN,0,0,0,ESTIMATED,58.0,2.635,49731.15233562127,UNKNOWN,0,0,0,ESTIMATED,58.0,2.23,76116.21175562328,ESTIMATED,58.0,2.23,198426.18829429953,ESTIMATED,58.0,2.6599999999999997,31241.25092185128,ESTIMATED,58.0,2.225,0.8137473092735513,ESTIMATED,58.0,2.2150000000000003,102056.91700752081,ESTIMATED,58.0,2.21,129090.86992852458,ESTIMATED,58.0,2.64,41956.66726725304,UNKNOWN,0,0,0,ESTIMATED,58.0,2.24,169562.39335902254,UNKNOWN,0,0,0
8,58.0,2.250,UNKNOWN,0,0,0,UNKNOWN,0,0,0,UNKNOWN,0,0,0,ESTIMATED,58.0,2.42,16841.979889426388,ESTIMATED,58.0,2.24,50396.34197633556,ESTIMATED,58.0,2.44,20401.99259581882,ESTIMATED,58.0,2.235,115539.56589976822,ESTIMATED,58.0,2.235,167286.31300028504,ESTIMATED,58.0,2.21,78661.20617832102,ESTIMATED,58.0,2.2150000000000003,358063.0628524123,ESTIMATED,58.0,2.23,101915.88195321626,ESTIMATED,58.0,2.235,95666.71320317313,ESTIMATED,58.0,2.2449999999999997,152885.70081408738,ESTIMATED,58.0,2.24,194468.5288320008,ESTIMATED,58.0,2.24,153151.4413020645,ESTIMATED,58.0,2.2449999999999997,83731.57458489848,ESTIMATED,58.0,2.2199999999999998,188138.13308494812,ESTIMATED,58.0,2.23,127345.89007645403,ESTIMATED,58.0,2.2550000000000003,233758.8019263136,ESTIMATED,58.0,2.235,222958.13513860464,ESTIMATED,58.0,2.235,264273.0000001919,ESTIMATED,58.0,2.21,162402.62332533806,ESTIMATED,58.0,2.235,143349.56695654712,ESTIMATED,58.0,2.2150000000000003,194704.583822443,ESTIMATED,58.0,2.2449999999999997,174154.80496586103
9,43.0,2.632,UNKNOWN,0,0,0,UNKNOWN,0,0,0,UNKNOWN,0,0,0,UNKNOWN,0,0,0,UNKNOWN,0,0,0,UNKNOWN,0,0,0,UNKNOWN,0,0,0,UNKNOWN,0,0,0,UNKNOWN,0,0,0,UNKNOWN,0,0,0,UNKNOWN,0,0,0,UNKNOWN,0,0,0,UNKNOWN,0,0,0,UNKNOWN,0,0,0,UNKNOWN,0,0,0,UNKNOWN,0,0,0,ESTIMATED,43.0,2.5900000000000003,171844.8984625849,UNKNOWN,0,0,0,ESTIMATED,43.0,2.6550000000000002,233800.05000000016,ESTIMATED,43.0,2.65,217417.950002147,UNKNOWN,0,0,0,UNKNOWN,0,0,0,UNKNOWN,0,0,0,UNKNOWN,0,0,0,UNKNOWN,0,0,0
10,43.0,3.192,UNKNOWN,0,0,0,UNKNOWN,0,0,0,UNKNOWN,0,0,0,UNKNOWN,0,0,0,UNKNOWN,0,0,0,UNKNOWN,0,0,0,UNKNOWN,0,0,0,ESTIMATED,43.0,3.175,154047.89999999997,ESTIMATED,43.0,3.18,100387.04999999996,ESTIMATED,43.0,3.19,633260.8500000002,UNKNOWN,0,0,0,UNKNOWN,0,0,0,ESTIMATED,43.0,3.2,237162.45000011387,ESTIMATED,43.0,3.195,285558.0000001381,UNKNOWN,0,0,0,ESTIMATED,43.0,3.205,291728.55,ESTIMATED,43.0,3.165,242704.8000001156,UNKNOWN,0,0,0,UNKNOWN,0,0,0,ESTIMATED,43.0,3.18,318747.75000014924,ESTIMATED,43.0,3.18,449214.45000022557,UNKNOWN,0,0,0,ESTIMATED,43.0,3.2550000000000003,124378.49131097565,UNKNOWN,0,0,0,ESTIMATED,43.0,3.185,488198.8500002617
11,44.0,3.468,UNKNOWN,0,0,0,UNKNOWN,0,0,0,UNKNOWN,0,0,0,UNKNOWN,0,0,0,UNKNOWN,0,0,0,UNKNOWN,0,0,0,ESTIMATED,44.0,3.475,67683.00000000004,ESTIMATED,44.0,3.445,63842.09690721647,ESTIMATED,44.0,3.445,65136.40871080135,ESTIMATED,44.0,3.4699999999999998,213950.23311258244,ESTIMATED,44.0,3.455,99145.32183908047,UNKNOWN,0,0,0,ESTIMATED,44.0,3.485,109740.44999999995,ESTIMATED,44.0,3.48,141390.60000000003,ESTIMATED,44.0,3.485,154004.70000006686,UNKNOWN,0,0,0,ESTIMATED,44.0,3.45,234373.05000012295,ESTIMATED,44.0,3.445,69590.46909827761,ESTIMATED,44.0,3.4949999999999997,103258.368970356,ESTIMATED,44.0,3.475,148096.20000006614,ESTIMATED,44.0,3.46,151559.10000006855,ESTIMATED,44.0,3.46,102766.15592473993,UNKNOWN,0,0,0,ESTIMATED,44.0,3.48,1144876.9500009613,ESTIMATED,44.0,3.48,207654.04424332845
12,45.0,3.893,UNKNOWN,0,0,0,UNKNOWN,0,0,0,UNKNOWN,0,0,0,UNKNOWN,0,0,0,UNKNOWN,0,0,0,UNKNOWN,0,0,0,ESTIMATED,45.04999923706055,3.895,61080.90000000004,UNKNOWN,0,0,0,UNKNOWN,0,0,0,ESTIMATED,45.04999923706055,3.885,133865.70000000007,UNKNOWN,0,0,0,UNKNOWN,0,0,0,UNKNOWN,0,0,0,UNKNOWN,0,0,0,UNKNOWN,0,0,0,UNKNOWN,0,0,0,UNKNOWN,0,0,0,UNKNOWN,0,0,0,UNKNOWN,0,0,0,UNKNOWN,0,0,0,UNKNOWN,0,0,0,ESTIMATED,45.04999923706055,3.875,82224.90000000004,UNKNOWN,0,0,0,UNKNOWN,0,0,0,ESTIMATED,45.04999923706055,3.915,31861.806844106482
13,41.0,5.027,UNKNOWN,0,0,0,UNKNOWN,0,0,0,UNKNOWN,0,0,0,UNKNOWN,0,0,0,UNKNOWN,0,0,0,UNKNOWN,0,0,0,UNKNOWN,0,0,0,ESTIMATED,41.0,4.89,45081.81658122678,UNKNOWN,0,0,0,UNKNOWN,0,0,0,UNKNOWN,0,0,0,ESTIMATED,41.0,4.905,60227.09999999944,UNKNOWN,0,0,0,UNKNOWN,0,0,0,UNKNOWN,0,0,0,UNKNOWN,0,0,0,UNKNOWN,0,0,0,UNKNOWN,0,0,0,UNKNOWN,0,0,0,UNKNOWN,0,0,0,UNKNOWN,0,0,0,UNKNOWN,0,0,0,ESTIMATED,41.0,5.285,46502.700000017736,UNKNOWN,0,0,0,UNKNOWN,0,0,0
14,44.0,4.923,UNKNOWN,0,0,0,UNKNOWN,0,0,0,UNKNOWN,0,0,0,UNKNOWN,0,0,0,UNKNOWN,0,0,0,UNKNOWN,0,0,0,UNKNOWN,0,0,0,ESTIMATED,44.0,4.91,104433.44584055456,UNKNOWN,0,0,0,ESTIMATED,44.0,4.9399999999999995,186272.40000000008,ESTIMATED,44.0,4.91,96807.2999999999,ESTIMATED,44.0,4.895,222798.15000016204,ESTIMATED,44.0,4.944999999999999,108047.09999999996,ESTIMATED,44.0,4.95,55511.399999999965,ESTIMATED,44.0,4.9350000000000005,59288.8499999999,ESTIMATED,44.0,4.955,83943.30000000009,UNKNOWN,0,0,0,ESTIMATED,44.0,4.89,114954.15000000005,ESTIMATED,44.0,4.96,287681.4000002191,ESTIMATED,44.0,4.925,120926.84999999993,ESTIMATED,44.0,4.91,109796.69999999994,ESTIMATED,44.0,4.91,105314.54999999999,ESTIMATED,44.0,4.89,580118.4000002143,ESTIMATED,44.0,4.92,96112.19999999982,ESTIMATED,44.0,4.930000000000001,111782.10000008272
15,69.1,5.357,UNKNOWN,0,0,0,UNKNOWN,0,0,0,UNKNOWN,0,0,0,UNKNOWN,0,0,0,UNKNOWN,0,0,0,UNKNOWN,0,0,0,UNKNOWN,0,0,0,UNKNOWN,0,0,0,UNKNOWN,0,0,0,UNKNOWN,0,0,0,UNKNOWN,0,0,0,UNKNOWN,0,0,0,UNKNOWN,0,0,0,UNKNOWN,0,0,0,ESTIMATED,69.05000305175781,5.39,39587.92883997038,UNKNOWN,0,0,0,ESTIMATED,69.05000305175781,5.319999999999999,238861.95000010994,UNKNOWN,0,0,0,UNKNOWN,0,0,0,UNKNOWN,0,0,0,UNKNOWN,0,0,0,UNKNOWN,0,0,0,UNKNOWN,0,0,0,ESTIMATED,69.05000305175781,5.36,119469.60000005309,UNKNOWN,0,0,0
16,41.0,5.844,UNKNOWN,0,0,0,UNKNOWN,0,0,0,UNKNOWN,0,0,0,UNKNOWN,0,0,0,ESTIMATED,41.0,5.83,51854.54999999997,UNKNOWN,0,0,0,ESTIMATED,41.0,5.84,132986.25000008912,ESTIMATED,41.0,5.79,116694.75000000007,ESTIMATED,41.0,5.8149999999999995,125555.09999999998,ESTIMATED,41.0,5.845,377079.00000000006,ESTIMATED,41.0,5.819999999999999,110169.30000000006,ESTIMATED,41.0,5.805000000000001,56152.80000000004,ESTIMATED,41.0,5.845,136190.31230313203,ESTIMATED,41.0,5.84,201024.45000014035,ESTIMATED,41.0,5.84,256318.50000018146,ESTIMATED,41.0,5.87,92387.10000000014,UNKNOWN,0,0,0,ESTIMATED,41.0,5.79,94230.90000004291,UNKNOWN,0,0,0,ESTIMATED,41.0,5.819999999999999,140795.0999999999,ESTIMATED,41.0,5.8,274110.90000019805,ESTIMATED,41.0,6.180000000000001,69098.55000000002,ESTIMATED,41.0,5.79,64538.54999999996,ESTIMATED,41.0,5.85,185439.36918896026,ESTIMATED,41.0,5.83,105547.33425652776
17,41.0,6.178,UNKNOWN,0,0,0,UNKNOWN,0,0,0,UNKNOWN,0,0,0,UNKNOWN,0,0,0,UNKNOWN,0,0,0,UNKNOWN,0,0,0,UNKNOWN,0,0,0,ESTIMATED,41.0,6.17,26414.100000000017,ESTIMATED,41.0,6.175,32443.500000000007,UNKNOWN,0,0,0,UNKNOWN,0,0,0,UNKNOWN,0,0,0,UNKNOWN,0,0,0,ESTIMATED,41.0,6.1899999999999995,58481.85000000001,ESTIMATED,41.0,6.205,65054.70000000009,UNKNOWN,0,0,0,UNKNOWN,0,0,0,UNKNOWN,0,0,0,UNKNOWN,0,0,0,UNKNOWN,0,0,0,ESTIMATED,41.0,6.15,94684.20000000008,UNKNOWN,0,0,0,UNKNOWN,0,0,0,UNKNOWN,0,0,0,UNKNOWN,0,0,0
18,281.0,7.366,UNKNOWN,0,0,0,UNKNOWN,0,0,0,UNKNOWN,0,0,0,UNKNOWN,0,0,0,UNKNOWN,0,0,0,UNKNOWN,0,0,0,UNKNOWN,0,0,0,UNKNOWN,0,0,0,UNKNOWN,0,0,0,UNKNOWN,0,0,0,UNKNOWN,0,0,0,UNKNOWN,0,0,0,UNKNOWN,0,0,0,UNKNOWN,0,0,0,UNKNOWN,0,0,0,UNKNOWN,0,0,0,UNKNOWN,0,0,0,ESTIMATED,281.04998779296875,7.355,76827.90000000004,UNKNOWN,0,0,0,UNKNOWN,0,0,0,ESTIMATED,281.04998779296875,7.36,57566.40000004154,ESTIMATED,281.04998779296875,7.37,84847.01850592415,ESTIMATED,281.04998779296875,7.36,53898.2999999999,UNKNOWN,0,0,0,ESTIMATED,281.04998779296875,7.385000000000001,72872.250000056
19,94.0,8.275,UNKNOWN,0,0,0,UNKNOWN,0,0,0,UNKNOWN,0,0,0,UNKNOWN,0,0,0,UNKNOWN,0,0,0,UNKNOWN,0,0,0,UNKNOWN,0,0,0,UNKNOWN,0,0,0,UNKNOWN,0,0,0,ESTIMATED,94.0,8.325,40534.3500000001,UNKNOWN,0,0,0,UNKNOWN,0,0,0,UNKNOWN,0,0,0,UNKNOWN,0,0,0,UNKNOWN,0,0,0,UNKNOWN,0,0,0,ESTIMATED,94.0,8.22,84820.20000000036,UNKNOWN,0,0,0,UNKNOWN,0,0,0,UNKNOWN,0,0,0,ESTIMATED,94.0,8.255,18935.700000000266,UNKNOWN,0,0,0,UNKNOWN,0,0,0,ESTIMATED,94.0,8.3,104566.7999999999,UNKNOWN,0,0,0
20,44.0,8.831,UNKNOWN,0,0,0,UNKNOWN,0,0,0,UNKNOWN,0,0,0,UNKNOWN,0,0,0,ESTIMATED,44.0,8.84,69460.1145186667,UNKNOWN,0,0,0,ESTIMATED,44.0,8.835,55713.69394965056,ESTIMATED,44.0,8.79,216686.40000012078,ESTIMATED,44.0,8.81,63933.00000002924,ESTIMATED,44.0,8.865,371330.7000000052,ESTIMATED,44.0,8.805,162664.71844979486,ESTIMATED,44.0,8.785,296747.7000002345,ESTIMATED,44.0,8.870000000000001,186244.20000009818,ESTIMATED,44.0,8.854999999999999,93105.70199670052,ESTIMATED,44.0,8.860000000000001,112512.00000005157,ESTIMATED,44.0,8.905,174913.50000013487,ESTIMATED,44.0,8.775,92174.39010580695,ESTIMATED,44.0,8.770000000000001,176307.72152357,ESTIMATED,44.0,8.915,396463.6500002195,ESTIMATED,44.0,8.82,128155.44832581501,ESTIMATED,44.0,8.805,205129.50000010876,ESTIMATED,44.0,8.825,223759.80000017292,ESTIMATED,44.0,8.78,632554.2000005114,ESTIMATED,44.0,8.85,110998.80000000015,ESTIMATED,44.0,8.85,85087.89023499512
21,44.0,9.024,UNKNOWN,0,0,0,UNKNOWN,0,0,0,UNKNOWN,0,0,0,UNKNOWN,0,0,0,UNKNOWN,0,0,0,UNKNOWN,0,0,0,UNKNOWN,0,0,0,UNKNOWN,0,0,0,UNKNOWN,0,0,0,UNKNOWN,0,0,0,UNKNOWN,0,0,0,ESTIMATED,44.0,9.03,97970.40000000021,UNKNOWN,0,0,0,UNKNOWN,0,0,0,UNKNOWN,0,0,0,UNKNOWN,0,0,0,UNKNOWN,0,0,0,ESTIMATED,44.0,9.014999999999999,68198.09999999973,UNKNOWN,0,0,0,UNKNOWN,0,0,0,UNKNOWN,0,0,0,ESTIMATED,44.0,9.035,67289.6915878098,ESTIMATED,44.0,9.014999999999999,184475.4,UNKNOWN,0,0,0,UNKNOWN,0,0,0
22,56.0,12.668,UNKNOWN,0,0,0,UNKNOWN,0,0,0,UNKNOWN,0,0,0,UNKNOWN,0,0,0,UNKNOWN,0,0,0,UNKNOWN,0,0,0,UNKNOWN,0,0,0,UNKNOWN,0,0,0,UNKNOWN,0,0,0,UNKNOWN,0,0,0,UNKNOWN,0,0,0,ESTIMATED,56.04999923706055,12.585,10369.499999999838,UNKNOWN,0,0,0,UNKNOWN,0,0,0,UNKNOWN,0,0,0,UNKNOWN,0,0,0,UNKNOWN,0,0,0,UNKNOWN,0,0,0,ESTIMATED,56.04999923706055,12.845,14279.100000000139,UNKNOWN,0,0,0,UNKNOWN,0,0,0,UNKNOWN,0,0,0,ESTIMATED,56.04999923706055,12.575,25999.800000000258,UNKNOWN,0,0,0,UNKNOWN,0,0,0
23,43.0,14.397,UNKNOWN,0,0,0,UNKNOWN,0,0,0,UNKNOWN,0,0,0,UNKNOWN,0,0,0,UNKNOWN,0,0,0,UNKNOWN,0,0,0,UNKNOWN,0,0,0,UNKNOWN,0,0,0,UNKNOWN,0,0,0,ESTIMATED,43.0,14.479999999999999,53971.20000000021,UNKNOWN,0,0,0,UNKNOWN,0,0,0,ESTIMATED,43.0,14.465,36312.30000000002,ESTIMATED,43.0,14.405,18424.200000000037,ESTIMATED,43.0,14.44,30272.10000000007,ESTIMATED,43.0,14.479999999999999,37917.6000000001,ESTIMATED,43.0,14.229999999999999,62318.999999999716,UNKNOWN,0,0,0,UNKNOWN,0,0,0,UNKNOWN,0,0,0,ESTIMATED,43.0,14.35,41923.80000000002,ESTIMATED,43.0,14.4,33176.69999999994,UNKNOWN,0,0,0,ESTIMATED,43.0,14.325,86692.8000000004,UNKNOWN,0,0,0
24,44.0,14.582,UNKNOWN,0,0,0,UNKNOWN,0,0,0,UNKNOWN,0,0,0,UNKNOWN,0,0,0,UNKNOWN,0,0,0,UNKNOWN,0,0,0,ESTIMATED,44.0,14.68,20110.043187889703,ESTIMATED,44.0,14.604999999999999,46210.200000000055,UNKNOWN,0,0,0,UNKNOWN,0,0,0,ESTIMATED,44.0,14.625,25284.587412587578,ESTIMATED,44.0,14.595,49854.60000000003,ESTIMATED,44.0,14.665,57834.14999999993,ESTIMATED,44.0,14.575,53338.499999999876,ESTIMATED,44.0,14.655,67385.7,ESTIMATED,44.0,14.67,55561.050000000054,ESTIMATED,44.0,14.379999999999999,31544.664411764737,UNKNOWN,0,0,0,ESTIMATED,44.0,14.75,102241.93211893892,ESTIMATED,44.0,14.54,272734.9499999999,ESTIMATED,44.0,14.535,98284.57397582,ESTIMATED,44.0,14.604999999999999,56925.996536144616,ESTIMATED,44.0,14.58,75852.27824169827,ESTIMATED,44.0,14.44,125526.90000000053,ESTIMATED,44.0,14.415,159355.81517916312
25,81.0,18.625,UNKNOWN,0,0,0,UNKNOWN,0,0,0,UNKNOWN,0,0,0,UNKNOWN,0,0,0,UNKNOWN,0,0,0,UNKNOWN,0,0,0,UNKNOWN,0,0,0,ESTIMATED,81.0,18.695,27841.79999999972,UNKNOWN,0,0,0,UNKNOWN,0,0,0,ESTIMATED,81.0,18.740000000000002,22058.100000000613,UNKNOWN,0,0,0,UNKNOWN,0,0,0,UNKNOWN,0,0,0,UNKNOWN,0,0,0,UNKNOWN,0,0,0,UNKNOWN,0,0,0,ESTIMATED,81.0,18.66,31555.199999999913,UNKNOWN,0,0,0,UNKNOWN,0,0,0,UNKNOWN,0,0,0,UNKNOWN,0,0,0,ESTIMATED,81.0,18.68,179985.30000000182,ESTIMATED,81.05000305175781,18.35,55259.39999999871,UNKNOWN,0,0,0
26,43.0,19.129,UNKNOWN,0,0,0,UNKNOWN,0,0,0,UNKNOWN,0,0,0,UNKNOWN,0,0,0,UNKNOWN,0,0,0,UNKNOWN,0,0,0,UNKNOWN,0,0,0,UNKNOWN,0,0,0,UNKNOWN,0,0,0,UNKNOWN,0,0,0,UNKNOWN,0,0,0,ESTIMATED,43.0,18.985,35734.500000000175,ESTIMATED,43.0,19.125,7618.800000000187,UNKNOWN,0,0,0,UNKNOWN,0,0,0,UNKNOWN,0,0,0,UNKNOWN,0,0,0,UNKNOWN,0,0,0,ESTIMATED,43.0,19.205,31257.000000000524,UNKNOWN,0,0,0,UNKNOWN,0,0,0,UNKNOWN,0,0,0,ESTIMATED,43.0,19.2,35000.40000000006,UNKNOWN,0,0,0,UNKNOWN,0,0,0
27,73.1,19.706,UNKNOWN,0,0,0,UNKNOWN,0,0,0,UNKNOWN,0,0,0,UNKNOWN,0,0,0,ESTIMATED,73.05000305175781,19.765,62249.100000000195,UNKNOWN,0,0,0,UNKNOWN,0,0,0,UNKNOWN,0,0,0,UNKNOWN,0,0,0,UNKNOWN,0,0,0,UNKNOWN,0,0,0,ESTIMATED,73.05000305175781,19.735,37328.39999999977,UNKNOWN,0,0,0,UNKNOWN,0,0,0,UNKNOWN,0,0,0,UNKNOWN,0,0,0,UNKNOWN,0,0,0,ESTIMATED,73.05000305175781,19.709999999999997,194024.06720417168,UNKNOWN,0,0,0,UNKNOWN,0,0,0,ESTIMATED,73.05000305175781,19.685,124871.39999999988,ESTIMATED,73.05000305175781,19.720000000000002,226898.6999999999,ESTIMATED,73.05000305175781,19.720000000000002,123681.00000000044,UNKNOWN,0,0,0,ESTIMATED,73.05000305175781,19.61,166749.5999999997
28,42.0,21.200,UNKNOWN,0,0,0,UNKNOWN,0,0,0,UNKNOWN,0,0,0,UNKNOWN,0,0,0,UNKNOWN,0,0,0,UNKNOWN,0,0,0,UNKNOWN,0,0,0,UNKNOWN,0,0,0,UNKNOWN,0,0,0,ESTIMATED,42.04999923706055,21.18,30280.522455089274,UNKNOWN,0,0,0,UNKNOWN,0,0,0,UNKNOWN,0,0,0,UNKNOWN,0,0,0,UNKNOWN,0,0,0,ESTIMATED,42.04999923706055,21.355,11673.516541353792,UNKNOWN,0,0,0,UNKNOWN,0,0,0,UNKNOWN,0,0,0,UNKNOWN,0,0,0,UNKNOWN,0,0,0,UNKNOWN,0,0,0,ESTIMATED,42.04999923706055,21.065,227481.41274724933,UNKNOWN,0,0,0,UNKNOWN,0,0,0
29,94.1,21.225,UNKNOWN,0,0,0,UNKNOWN,0,0,0,UNKNOWN,0,0,0,UNKNOWN,0,0,0,UNKNOWN,0,0,0,UNKNOWN,0,0,0,ESTIMATED,94.05000305175781,21.175,35885.70000000009,UNKNOWN,0,0,0,UNKNOWN,0,0,0,UNKNOWN,0,0,0,UNKNOWN,0,0,0,UNKNOWN,0,0,0,UNKNOWN,0,0,0,ESTIMATED,94.05000305175781,21.285,22070.342681047692,ESTIMATED,94.05000305175781,21.245,51351.89999999995,UNKNOWN,0,0,0,UNKNOWN,0,0,0,UNKNOWN,0,0,0,UNKNOWN,0,0,0,ESTIMATED,94.05000305175781,21.255,10082.399999999727,ESTIMATED,94.05000305175781,21.165000000000003,38137.235865921815,UNKNOWN,0,0,0,UNKNOWN,0,0,0,UNKNOWN,0,0,0,UNKNOWN,0,0,0
30,42.0,21.220,UNKNOWN,0,0,0,UNKNOWN,0,0,0,UNKNOWN,0,0,0,UNKNOWN,0,0,0,UNKNOWN,0,0,0,UNKNOWN,0,0,0,UNKNOWN,0,0,0,UNKNOWN,0,0,0,UNKNOWN,0,0,0,ESTIMATED,42.04999923706055,21.209999999999997,37844.099999999926,UNKNOWN,0,0,0,ESTIMATED,42.04999923706055,21.065,56120.69999999679,ESTIMATED,42.04999923706055,21.245,24520.799999999126,UNKNOWN,0,0,0,UNKNOWN,0,0,0,UNKNOWN,0,0,0,UNKNOWN,0,0,0,UNKNOWN,0,0,0,ESTIMATED,42.04999923706055,21.345000000000002,108706.50000000007,UNKNOWN,0,0,0,UNKNOWN,0,0,0,UNKNOWN,0,0,0,ESTIMATED,42.04999923706055,21.029999999999998,135885.34900117212,ESTIMATED,42.04999923706055,21.425,18578.39999999999,UNKNOWN,0,0,0
31,43.0,23.942,UNKNOWN,0,0,0,UNKNOWN,0,0,0,UNKNOWN,0,0,0,UNKNOWN,0,0,0,UNKNOWN,0,0,0,UNKNOWN,0,0,0,UNKNOWN,0,0,0,UNKNOWN,0,0,0,ESTIMATED,43.04999923706055,24.365000000000002,12722.099999999882,ESTIMATED,43.0,24.015,22329.29999999972,UNKNOWN,0,0,0,UNKNOWN,0,0,0,UNKNOWN,0,0,0,UNKNOWN,0,0,0,UNKNOWN,0,0,0,UNKNOWN,0,0,0,UNKNOWN,0,0,0,UNKNOWN,0,0,0,UNKNOWN,0,0,0,ESTIMATED,43.0,23.86,88899.0000000002,ESTIMATED,43.0,23.81,69759.7500000001,UNKNOWN,0,0,0,UNKNOWN,0,0,0,ESTIMATED,43.0,23.805,81193.79999999919,ESTIMATED,43.0,23.795,110843.10000000005
32,44.0,24.403,UNKNOWN,0,0,0,UNKNOWN,0,0,0,UNKNOWN,0,0,0,UNKNOWN,0,0,0,UNKNOWN,0,0,0,UNKNOWN,0,0,0,ESTIMATED,44.0,24.485,24518.565673827434,ESTIMATED,44.0,24.395,34470.44128728394,UNKNOWN,0,0,0,ESTIMATED,44.0,24.575,73623.15000000053,ESTIMATED,44.0,24.425,24294.652366863702,ESTIMATED,44.0,24.39,31760.49578561625,ESTIMATED,44.0,24.505,41429.05290933675,ESTIMATED,44.0,24.4,48870.59999999999,ESTIMATED,44.0,24.459999999999997,35526.86085814377,UNKNOWN,0,0,0,ESTIMATED,44.0,24.165000000000003,38940.341553580256,UNKNOWN,0,0,0,ESTIMATED,44.0,24.6,121143.6099078264,ESTIMATED,44.0,24.38,182360.25118493396,ESTIMATED,44.0,24.33,74066.15435647934,ESTIMATED,44.0,24.42,64306.80000000001,ESTIMATED,44.0,24.4,65146.7409352761,ESTIMATED,44.0,24.285,85337.99047168544,ESTIMATED,44.0,24.240000000000002,136400.8013080333
33,44.0,24.403,UNKNOWN,0,0,0,UNKNOWN,0,0,0,UNKNOWN,0,0,0,UNKNOWN,0,0,0,UNKNOWN,0,0,0,UNKNOWN,0,0,0,UNKNOWN,0,0,0,ESTIMATED,44.0,24.37,29876.995742358544,UNKNOWN,0,0,0,UNKNOWN,0,0,0,ESTIMATED,44.0,24.445,29919.11727168506,UNKNOWN,0,0,0,UNKNOWN,0,0,0,UNKNOWN,0,0,0,ESTIMATED,44.0,24.470000000000002,44235.69988826777,UNKNOWN,0,0,0,UNKNOWN,0,0,0,ESTIMATED,44.0,24.37,28709.38188097725,UNKNOWN,0,0,0,UNKNOWN,0,0,0,ESTIMATED,44.0,24.36,66124.02343749999,ESTIMATED,44.0,24.4,50461.11628037352,UNKNOWN,0,0,0,UNKNOWN,0,0,0,UNKNOWN,0,0,0
34,43.0,24.443,UNKNOWN,0,0,0,UNKNOWN,0,0,0,UNKNOWN,0,0,0,UNKNOWN,0,0,0,UNKNOWN,0,0,0,UNKNOWN,0,0,0,UNKNOWN,0,0,0,UNKNOWN,0,0,0,UNKNOWN,0,0,0,ESTIMATED,43.04999923706055,24.555,88815.90000000007,UNKNOWN,0,0,0,UNKNOWN,0,0,0,UNKNOWN,0,0,0,UNKNOWN,0,0,0,UNKNOWN,0,0,0,ESTIMATED,43.04999923706055,24.540000000000003,51571.65000000021,UNKNOWN,0,0,0,UNKNOWN,0,0,0,UNKNOWN,0,0,0,UNKNOWN,0,0,0,UNKNOWN,0,0,0,UNKNOWN,0,0,0,ESTIMATED,43.04999923706055,24.41,59524.50797840298,UNKNOWN,0,0,0,ESTIMATED,43.04999923706055,24.265,155481.01018220803
35,43.0,25.676,UNKNOWN,0,0,0,UNKNOWN,0,0,0,UNKNOWN,0,0,0,UNKNOWN,0,0,0,UNKNOWN,0,0,0,UNKNOWN,0,0,0,UNKNOWN,0,0,0,UNKNOWN,0,0,0,ESTIMATED,43.0,25.495,1188983.8500007265,UNKNOWN,0,0,0,UNKNOWN,0,0,0,UNKNOWN,0,0,0,UNKNOWN,0,0,0,ESTIMATED,43.0,25.709999999999997,212483.55000010808,ESTIMATED,43.0,25.575,279890.45126212947,UNKNOWN,0,0,0,ESTIMATED,43.0,25.765,178435.8000000926,UNKNOWN,0,0,0,UNKNOWN,0,0,0,ESTIMATED,43.0,25.67,204214.79999999987,ESTIMATED,43.0,25.525,603401.5500003449,UNKNOWN,0,0,0,UNKNOWN,0,0,0,UNKNOWN,0,0,0,ESTIMATED,43.0,25.995,747414.1647969097
36,112.1,27.038,UNKNOWN,0,0,0,UNKNOWN,0,0,0,ESTIMATED,112.0999984741211,26.945,1.6864565400009792E7,ESTIMATED,112.0999984741211,26.955,1.9379317531169977E7,UNKNOWN,0,0,0,ESTIMATED,112.0999984741211,27.215,1.754550446452066E7,UNKNOWN,0,0,0,UNKNOWN,0,0,0,UNKNOWN,0,0,0,UNKNOWN,0,0,0,UNKNOWN,0,0,0,UNKNOWN,0,0,0,UNKNOWN,0,0,0,UNKNOWN,0,0,0,UNKNOWN,0,0,0,UNKNOWN,0,0,0,UNKNOWN,0,0,0,UNKNOWN,0,0,0,UNKNOWN,0,0,0,UNKNOWN,0,0,0,UNKNOWN,0,0,0,UNKNOWN,0,0,0,UNKNOWN,0,0,0,UNKNOWN,0,0,0,UNKNOWN,0,0,0
37,55.0,27.672,UNKNOWN,0,0,0,ESTIMATED,55.0,27.605,253629.2828962953,UNKNOWN,0,0,0,ESTIMATED,55.0,27.654999999999998,394823.850000219,UNKNOWN,0,0,0,ESTIMATED,55.0,27.755,898551.9000004899,UNKNOWN,0,0,0,UNKNOWN,0,0,0,UNKNOWN,0,0,0,UNKNOWN,0,0,0,UNKNOWN,0,0,0,UNKNOWN,0,0,0,UNKNOWN,0,0,0,UNKNOWN,0,0,0,UNKNOWN,0,0,0,UNKNOWN,0,0,0,UNKNOWN,0,0,0,UNKNOWN,0,0,0,UNKNOWN,0,0,0,UNKNOWN,0,0,0,UNKNOWN,0,0,0,UNKNOWN,0,0,0,UNKNOWN,0,0,0,UNKNOWN,0,0,0,UNKNOWN,0,0,0
38,56.0,27.802,UNKNOWN,0,0,0,UNKNOWN,0,0,0,UNKNOWN,0,0,0,UNKNOWN,0,0,0,UNKNOWN,0,0,0,UNKNOWN,0,0,0,UNKNOWN,0,0,0,UNKNOWN,0,0,0,UNKNOWN,0,0,0,UNKNOWN,0,0,0,UNKNOWN,0,0,0,ESTIMATED,56.04999923706055,27.725,15419.699999999992,UNKNOWN,0,0,0,UNKNOWN,0,0,0,UNKNOWN,0,0,0,UNKNOWN,0,0,0,UNKNOWN,0,0,0,UNKNOWN,0,0,0,ESTIMATED,56.04999923706055,27.945,13599.708217270132,UNKNOWN,0,0,0,UNKNOWN,0,0,0,UNKNOWN,0,0,0,ESTIMATED,56.04999923706055,27.735,78833.20638240343,UNKNOWN,0,0,0,UNKNOWN,0,0,0
39,83.1,27.805,UNKNOWN,0,0,0,UNKNOWN,0,0,0,UNKNOWN,0,0,0,UNKNOWN,0,0,0,UNKNOWN,0,0,0,UNKNOWN,0,0,0,UNKNOWN,0,0,0,UNKNOWN,0,0,0,UNKNOWN,0,0,0,UNKNOWN,0,0,0,UNKNOWN,0,0,0,ESTIMATED,83.05000305175781,27.75,28714.799999999137,UNKNOWN,0,0,0,UNKNOWN,0,0,0,UNKNOWN,0,0,0,UNKNOWN,0,0,0,UNKNOWN,0,0,0,UNKNOWN,0,0,0,ESTIMATED,83.05000305175781,27.92,29283.89999999965,UNKNOWN,0,0,0,UNKNOWN,0,0,0,UNKNOWN,0,0,0,ESTIMATED,83.05000305175781,27.745,104139.49812733945,UNKNOWN,0,0,0,UNKNOWN,0,0,0
40,56.0,32.527,UNKNOWN,0,0,0,UNKNOWN,0,0,0,UNKNOWN,0,0,0,UNKNOWN,0,0,0,UNKNOWN,0,0,0,UNKNOWN,0,0,0,UNKNOWN,0,0,0,UNKNOWN,0,0,0,UNKNOWN,0,0,0,UNKNOWN,0,0,0,UNKNOWN,0,0,0,UNKNOWN,0,0,0,UNKNOWN,0,0,0,UNKNOWN,0,0,0,UNKNOWN,0,0,0,UNKNOWN,0,0,0,UNKNOWN,0,0,0,UNKNOWN,0,0,0,ESTIMATED,56.04999923706055,32.61,13564.80000000015,ESTIMATED,56.04999923706055,32.53,28744.79999999896,UNKNOWN,0,0,0,UNKNOWN,0,0,0,ESTIMATED,56.04999923706055,32.440000000000005,18354.900000000092,UNKNOWN,0,0,0,UNKNOWN,0,0,0
41,43.0,34.818,UNKNOWN,0,0,0,UNKNOWN,0,0,0,UNKNOWN,0,0,0,UNKNOWN,0,0,0,UNKNOWN,0,0,0,UNKNOWN,0,0,0,UNKNOWN,0,0,0,UNKNOWN,0,0,0,UNKNOWN,0,0,0,UNKNOWN,0,0,0,UNKNOWN,0,0,0,ESTIMATED,43.0,34.825,12989.700000000144,UNKNOWN,0,0,0,UNKNOWN,0,0,0,ESTIMATED,43.0,34.875,12675.149999999985,UNKNOWN,0,0,0,UNKNOWN,0,0,0,UNKNOWN,0,0,0,UNKNOWN,0,0,0,ESTIMATED,43.0,34.82,46253.93036750519,UNKNOWN,0,0,0,UNKNOWN,0,0,0,ESTIMATED,43.0,34.805,25738.20652173821,ESTIMATED,43.0,34.794999999999995,78664.20000000056,ESTIMATED,43.0,34.785,70664.54999999973
42,43.0,35.272,UNKNOWN,0,0,0,UNKNOWN,0,0,0,UNKNOWN,0,0,0,UNKNOWN,0,0,0,ESTIMATED,43.04999923706055,35.315000000000005,24140.159999999625,UNKNOWN,0,0,0,ESTIMATED,43.04999923706055,35.315000000000005,161443.50000007587,ESTIMATED,43.04999923706055,35.26,149254.50867572564,ESTIMATED,43.04999923706055,35.215,27844.094262293926,ESTIMATED,43.04999923706055,35.34,118006.3500000635,ESTIMATED,43.04999923706055,35.28,91803.44199936012,ESTIMATED,43.04999923706055,35.265,59537.90217035718,ESTIMATED,43.04999923706055,35.315000000000005,159691.2000000779,ESTIMATED,43.04999923706055,35.28,213872.25000012066,ESTIMATED,43.04999923706055,35.309999999999995,107475.3085981475,ESTIMATED,43.04999923706055,35.335,153438.77781692517,ESTIMATED,43.04999923706055,35.169999999999995,92402.02572686248,ESTIMATED,43.04999923706055,35.25,72978.0336694448,ESTIMATED,43.04999923706055,35.375,290585.37811776885,ESTIMATED,43.04999923706055,35.265,235710.17753902054,ESTIMATED,43.04999923706055,35.22,234746.10000012864,ESTIMATED,43.04999923706055,35.255,144833.32413793073,ESTIMATED,43.04999923706055,35.26,113585.77743155087,ESTIMATED,43.04999923706055,35.205000000000005,120133.8000000606,ESTIMATED,43.04999923706055,35.22,328292.26048060704
43,70.1,37.705,UNKNOWN,0,0,0,UNKNOWN,0,0,0,UNKNOWN,0,0,0,UNKNOWN,0,0,0,UNKNOWN,0,0,0,UNKNOWN,0,0,0,UNKNOWN,0,0,0,UNKNOWN,0,0,0,UNKNOWN,0,0,0,UNKNOWN,0,0,0,UNKNOWN,0,0,0,ESTIMATED,70.05000305175781,37.675,11696.306552837856,UNKNOWN,0,0,0,UNKNOWN,0,0,0,UNKNOWN,0,0,0,UNKNOWN,0,0,0,UNKNOWN,0,0,0,UNKNOWN,0,0,0,ESTIMATED,70.05000305175781,37.785,21018.60000000926,UNKNOWN,0,0,0,UNKNOWN,0,0,0,UNKNOWN,0,0,0,ESTIMATED,70.05000305175781,37.655,27435.92450879018,UNKNOWN,0,0,0,UNKNOWN,0,0,0
44,73.1,38.490,UNKNOWN,0,0,0,ESTIMATED,73.05000305175781,38.495,7585.799999999915,UNKNOWN,0,0,0,UNKNOWN,0,0,0,ESTIMATED,73.05000305175781,38.495,84882.00088694443,UNKNOWN,0,0,0,ESTIMATED,73.05000305175781,38.495,6443.699999999704,ESTIMATED,73.05000305175781,38.485,13242.000000000202,UNKNOWN,0,0,0,UNKNOWN,0,0,0,ESTIMATED,73.05000305175781,38.485,11801.099999999456,ESTIMATED,73.05000305175781,38.485,84380.88809568681,ESTIMATED,73.05000305175781,38.51,10752.000000003736,ESTIMATED,73.05000305175781,38.495,5355.899999999881,ESTIMATED,73.05000305175781,38.505,13751.10000000585,ESTIMATED,73.05000305175781,38.525,3542.399999999745,UNKNOWN,0,0,0,ESTIMATED,73.05000305175781,38.46,475435.80000029143,UNKNOWN,0,0,0,UNKNOWN,0,0,0,ESTIMATED,73.05000305175781,38.47,179581.5000001105,ESTIMATED,73.05000305175781,38.475,261644.10000014261,ESTIMATED,73.05000305175781,38.480000000000004,243239.8168728695,ESTIMATED,73.05000305175781,38.495,11768.100000005203,ESTIMATED,73.05000305175781,38.485,174830.10000009552
45,68.0,38.828,UNKNOWN,0,0,0,UNKNOWN,0,0,0,ESTIMATED,68.0,38.84,15932.400000000318,ESTIMATED,68.0,38.845,31442.700000000164,UNKNOWN,0,0,0,ESTIMATED,68.0,38.8,85768.79999999993,UNKNOWN,0,0,0,UNKNOWN,0,0,0,UNKNOWN,0,0,0,UNKNOWN,0,0,0,UNKNOWN,0,0,0,UNKNOWN,0,0,0,UNKNOWN,0,0,0,UNKNOWN,0,0,0,UNKNOWN,0,0,0,UNKNOWN,0,0,0,UNKNOWN,0,0,0,UNKNOWN,0,0,0,UNKNOWN,0,0,0,UNKNOWN,0,0,0,UNKNOWN,0,0,0,UNKNOWN,0,0,0,UNKNOWN,0,0,0,UNKNOWN,0,0,0,UNKNOWN,0,0,0
46,57.0,40.929,UNKNOWN,0,0,0,UNKNOWN,0,0,0,UNKNOWN,0,0,0,UNKNOWN,0,0,0,ESTIMATED,57.0,40.934999999999995,5085.150000000051,UNKNOWN,0,0,0,UNKNOWN,0,0,0,ESTIMATED,57.0,40.905,18159.749999999876,UNKNOWN,0,0,0,UNKNOWN,0,0,0,ESTIMATED,57.0,40.919999999999995,15899.400000000185,ESTIMATED,57.0,40.925,26835.00000001193,ESTIMATED,57.0,40.96,18615.300000000076,UNKNOWN,0,0,0,UNKNOWN,0,0,0,UNKNOWN,0,0,0,UNKNOWN,0,0,0,UNKNOWN,0,0,0,ESTIMATED,57.0,41.005,51583.34999999982,UNKNOWN,0,0,0,ESTIMATED,57.0,40.905,15500.99999999998,ESTIMATED,57.0,40.91,20244.300000000123,ESTIMATED,57.0,40.9,75962.70000003738,UNKNOWN,0,0,0,UNKNOWN,0,0,0
47,43.0,42.090,UNKNOWN,0,0,0,UNKNOWN,0,0,0,UNKNOWN,0,0,0,UNKNOWN,0,0,0,UNKNOWN,0,0,0,UNKNOWN,0,0,0,UNKNOWN,0,0,0,UNKNOWN,0,0,0,ESTIMATED,43.0,42.075,129277.20000006915,UNKNOWN,0,0,0,UNKNOWN,0,0,0,UNKNOWN,0,0,0,UNKNOWN,0,0,0,UNKNOWN,0,0,0,ESTIMATED,43.0,42.125,51130.05000002717,UNKNOWN,0,0,0,UNKNOWN,0,0,0,UNKNOWN,0,0,0,UNKNOWN,0,0,0,UNKNOWN,0,0,0,ESTIMATED,43.0,42.07,32135.25000001672,UNKNOWN,0,0,0,UNKNOWN,0,0,0,UNKNOWN,0,0,0,UNKNOWN,0,0,0
48,58.0,43.130,UNKNOWN,0,0,0,UNKNOWN,0,0,0,UNKNOWN,0,0,0,UNKNOWN,0,0,0,UNKNOWN,0,0,0,UNKNOWN,0,0,0,ESTIMATED,58.0,43.144999999999996,31382.400000014688,ESTIMATED,58.0,43.12,15852.215572457912,ESTIMATED,58.0,43.09,16496.54999999977,UNKNOWN,0,0,0,ESTIMATED,58.0,43.125,19828.649999999925,UNKNOWN,0,0,0,ESTIMATED,58.0,43.165,30537.450000000095,ESTIMATED,58.0,43.14,66426.77125833658,ESTIMATED,58.0,43.165,52313.09999999962,ESTIMATED,58.0,43.18,44238.90000000258,ESTIMATED,58.0,43.065000000000005,33972.60000000012,ESTIMATED,58.0,43.11,12936.149999999967,ESTIMATED,58.0,43.205000000000005,32777.70000000221,ESTIMATED,58.0,43.125,176098.50000010742,ESTIMATED,58.0,43.095,51926.85000002725,ESTIMATED,58.0,43.12,28766.25000001375,UNKNOWN,0,0,0,ESTIMATED,58.0,43.1,194300.39999999895,ESTIMATED,58.0,43.125,52310.72917689003
49,43.0,43.517,UNKNOWN,0,0,0,UNKNOWN,0,0,0,UNKNOWN,0,0,0,UNKNOWN,0,0,0,UNKNOWN,0,0,0,UNKNOWN,0,0,0,UNKNOWN,0,0,0,UNKNOWN,0,0,0,UNKNOWN,0,0,0,UNKNOWN,0,0,0,ESTIMATED,43.04999923706055,43.53,8350.500000000096,UNKNOWN,0,0,0,UNKNOWN,0,0,0,UNKNOWN,0,0,0,UNKNOWN,0,0,0,UNKNOWN,0,0,0,UNKNOWN,0,0,0,UNKNOWN,0,0,0,UNKNOWN,0,0,0,UNKNOWN,0,0,0,UNKNOWN,0,0,0,ESTIMATED,43.04999923706055,43.505,16384.500000000648,ESTIMATED,43.04999923706055,43.515,21442.04999999888,UNKNOWN,0,0,0,UNKNOWN,0,0,0
50,43.0,43.522,UNKNOWN,0,0,0,UNKNOWN,0,0,0,UNKNOWN,0,0,0,UNKNOWN,0,0,0,UNKNOWN,0,0,0,UNKNOWN,0,0,0,UNKNOWN,0,0,0,ESTIMATED,43.04999923706055,43.525,17640.300000000465,UNKNOWN,0,0,0,UNKNOWN,0,0,0,UNKNOWN,0,0,0,ESTIMATED,43.04999923706055,43.535,12420.718446160845,UNKNOWN,0,0,0,UNKNOWN,0,0,0,UNKNOWN,0,0,0,UNKNOWN,0,0,0,UNKNOWN,0,0,0,ESTIMATED,43.04999923706055,43.505,13172.099999999951,UNKNOWN,0,0,0,UNKNOWN,0,0,0,UNKNOWN,0,0,0,UNKNOWN,0,0,0,UNKNOWN,0,0,0,UNKNOWN,0,0,0,UNKNOWN,0,0,0
51,43.0,44.151,UNKNOWN,0,0,0,UNKNOWN,0,0,0,UNKNOWN,0,0,0,UNKNOWN,0,0,0,UNKNOWN,0,0,0,UNKNOWN,0,0,0,UNKNOWN,0,0,0,UNKNOWN,0,0,0,UNKNOWN,0,0,0,UNKNOWN,0,0,0,UNKNOWN,0,0,0,ESTIMATED,43.0,44.215,80493.59999999902,UNKNOWN,0,0,0,UNKNOWN,0,0,0,UNKNOWN,0,0,0,UNKNOWN,0,0,0,UNKNOWN,0,0,0,ESTIMATED,43.0,44.215,74997.60000000065,UNKNOWN,0,0,0,UNKNOWN,0,0,0,UNKNOWN,0,0,0,ESTIMATED,43.0,44.035,113200.20000000166,ESTIMATED,43.0,44.14,95405.00093023248,UNKNOWN,0,0,0,UNKNOWN,0,0,0
52,45.0,44.340,UNKNOWN,0,0,0,UNKNOWN,0,0,0,UNKNOWN,0,0,0,UNKNOWN,0,0,0,UNKNOWN,0,0,0,UNKNOWN,0,0,0,UNKNOWN,0,0,0,UNKNOWN,0,0,0,UNKNOWN,0,0,0,UNKNOWN,0,0,0,UNKNOWN,0,0,0,ESTIMATED,45.0,44.37,21519.773076923717,UNKNOWN,0,0,0,UNKNOWN,0,0,0,UNKNOWN,0,0,0,UNKNOWN,0,0,0,UNKNOWN,0,0,0,ESTIMATED,45.0,44.315000000000005,28869.598274961212,UNKNOWN,0,0,0,UNKNOWN,0,0,0,UNKNOWN,0,0,0,UNKNOWN,0,0,0,ESTIMATED,45.0,44.335,31843.690991444368,UNKNOWN,0,0,0,UNKNOWN,0,0,0
53,106.1,44.371,UNKNOWN,0,0,0,UNKNOWN,0,0,0,UNKNOWN,0,0,0,UNKNOWN,0,0,0,UNKNOWN,0,0,0,UNKNOWN,0,0,0,ESTIMATED,106.05000305175781,44.38,21570.532619392456,ESTIMATED,106.05000305175781,44.34,33654.83534715841,ESTIMATED,106.05000305175781,44.335,27533.100000000144,ESTIMATED,106.05000305175781,44.385,74308.20000003796,ESTIMATED,106.05000305175781,44.36,25693.3648219361,UNKNOWN,0,0,0,ESTIMATED,106.05000305175781,44.39,35289.41560026004,ESTIMATED,106.05000305175781,44.38,56365.19999999982,ESTIMATED,106.05000305175781,44.385,66983.09999999964,ESTIMATED,106.05000305175781,44.43,41121.847727778906,ESTIMATED,106.05000305175781,44.325,88354.20000000068,UNKNOWN,0,0,0,ESTIMATED,106.05000305175781,44.43,85381.41736210037,UNKNOWN,0,0,0,ESTIMATED,106.05000305175781,44.325,71439.64357169403,ESTIMATED,106.05000305175781,44.35,74393.63344433121,UNKNOWN,0,0,0,ESTIMATED,106.05000305175781,44.365,94379.05054664653,ESTIMATED,106.05000305175781,44.39,90499.50000004935
54,40.0,45.041,UNKNOWN,0,0,0,UNKNOWN,0,0,0,UNKNOWN,0,0,0,UNKNOWN,0,0,0,UNKNOWN,0,0,0,UNKNOWN,0,0,0,ESTIMATED,40.0,45.035,13772.041238671018,UNKNOWN,0,0,0,ESTIMATED,40.0,45.01,19716.92975311186,ESTIMATED,40.0,45.065000000000005,8089.480541871777,UNKNOWN,0,0,0,UNKNOWN,0,0,0,ESTIMATED,40.0,45.055,7032.584155618024,UNKNOWN,0,0,0,ESTIMATED,40.0,45.059999999999995,19749.738757163817,ESTIMATED,40.0,45.080000000000005,8836.164697229942,ESTIMATED,40.0,44.99,28420.154590576345,UNKNOWN,0,0,0,UNKNOWN,0,0,0,UNKNOWN,0,0,0,ESTIMATED,40.0,45.0,16842.300000007188,UNKNOWN,0,0,0,UNKNOWN,0,0,0,ESTIMATED,40.0,45.05,11399.841611670376,ESTIMATED,40.0,45.065000000000005,19713.44969653721
55,80.1,47.721,UNKNOWN,0,0,0,UNKNOWN,0,0,0,UNKNOWN,0,0,0,UNKNOWN,0,0,0,UNKNOWN,0,0,0,UNKNOWN,0,0,0,ESTIMATED,80.05000305175781,47.715,43821.59999999985,UNKNOWN,0,0,0,ESTIMATED,80.05000305175781,47.7,35975.45300042455,UNKNOWN,0,0,0,UNKNOWN,0,0,0,UNKNOWN,0,0,0,UNKNOWN,0,0,0,ESTIMATED,80.05000305175781,47.755,23197.71570247905,ESTIMATED,80.05000305175781,47.74,25397.09999999952,UNKNOWN,0,0,0,UNKNOWN,0,0,0,UNKNOWN,0,0,0,UNKNOWN,0,0,0,ESTIMATED,80.05000305175781,47.72,24597.900000000434,ESTIMATED,80.05000305175781,47.684999999999995,30263.39999999984,ESTIMATED,80.05000305175781,47.71,8220.299999999988,ESTIMATED,80.05000305175781,47.7,8740.500000000122,ESTIMATED,80.05000305175781,47.745,19762.962192816976,ESTIMATED,80.05000305175781,47.74,35572.49999999942
56,82.1,48.152,UNKNOWN,0,0,0,ESTIMATED,82.05000305175781,48.144999999999996,131794.19999999943,ESTIMATED,82.05000305175781,48.169999999999995,134097.60000007504,ESTIMATED,82.05000305175781,48.16,256608.29999999917,UNKNOWN,0,0,0,ESTIMATED,82.05000305175781,48.135,533366.1000002827,UNKNOWN,0,0,0,UNKNOWN,0,0,0,UNKNOWN,0,0,0,UNKNOWN,0,0,0,UNKNOWN,0,0,0,UNKNOWN,0,0,0,UNKNOWN,0,0,0,UNKNOWN,0,0,0,UNKNOWN,0,0,0,UNKNOWN,0,0,0,UNKNOWN,0,0,0,UNKNOWN,0,0,0,UNKNOWN,0,0,0,UNKNOWN,0,0,0,UNKNOWN,0,0,0,UNKNOWN,0,0,0,UNKNOWN,0,0,0,UNKNOWN,0,0,0,UNKNOWN,0,0,0
57,56.0,48.213,UNKNOWN,0,0,0,UNKNOWN,0,0,0,UNKNOWN,0,0,0,UNKNOWN,0,0,0,UNKNOWN,0,0,0,UNKNOWN,0,0,0,UNKNOWN,0,0,0,UNKNOWN,0,0,0,UNKNOWN,0,0,0,UNKNOWN,0,0,0,UNKNOWN,0,0,0,UNKNOWN,0,0,0,ESTIMATED,56.04999923706055,48.245,7285.799999999977,UNKNOWN,0,0,0,UNKNOWN,0,0,0,UNKNOWN,0,0,0,UNKNOWN,0,0,0,UNKNOWN,0,0,0,UNKNOWN,0,0,0,UNKNOWN,0,0,0,ESTIMATED,56.04999923706055,48.195,8478.899999999936,UNKNOWN,0,0,0,ESTIMATED,56.04999923706055,48.2,15453.900000000092,UNKNOWN,0,0,0,UNKNOWN,0,0,0
58,56.0,48.238,UNKNOWN,0,0,0,UNKNOWN,0,0,0,UNKNOWN,0,0,0,UNKNOWN,0,0,0,UNKNOWN,0,0,0,UNKNOWN,0,0,0,UNKNOWN,0,0,0,UNKNOWN,0,0,0,UNKNOWN,0,0,0,UNKNOWN,0,0,0,UNKNOWN,0,0,0,UNKNOWN,0,0,0,UNKNOWN,0,0,0,UNKNOWN,0,0,0,UNKNOWN,0,0,0,UNKNOWN,0,0,0,UNKNOWN,0,0,0,UNKNOWN,0,0,0,ESTIMATED,56.04999923706055,48.275,21318.899999999736,ESTIMATED,56.04999923706055,48.22,52833.300000000265,UNKNOWN,0,0,0,UNKNOWN,0,0,0,UNKNOWN,0,0,0,ESTIMATED,56.04999923706055,48.22,15231.900000006674,UNKNOWN,0,0,0
59,80.1,48.852,UNKNOWN,0,0,0,UNKNOWN,0,0,0,UNKNOWN,0,0,0,UNKNOWN,0,0,0,UNKNOWN,0,0,0,UNKNOWN,0,0,0,ESTIMATED,80.05000305175781,48.855000000000004,31468.19999999994,UNKNOWN,0,0,0,ESTIMATED,80.05000305175781,48.835,53593.79556280896,UNKNOWN,0,0,0,UNKNOWN,0,0,0,UNKNOWN,0,0,0,UNKNOWN,0,0,0,ESTIMATED,80.05000305175781,48.86,16408.799999999643,ESTIMATED,80.05000305175781,48.88,31549.49999999937,UNKNOWN,0,0,0,UNKNOWN,0,0,0,UNKNOWN,0,0,0,UNKNOWN,0,0,0,UNKNOWN,0,0,0,ESTIMATED,80.05000305175781,48.82,15081.600000000073,ESTIMATED,80.05000305175781,48.84,8330.099999999804,UNKNOWN,0,0,0,UNKNOWN,0,0,0,ESTIMATED,80.05000305175781,48.875,25006.799999999996
60,58.0,50.236,UNKNOWN,0,0,0,UNKNOWN,0,0,0,UNKNOWN,0,0,0,UNKNOWN,0,0,0,UNKNOWN,0,0,0,UNKNOWN,0,0,0,UNKNOWN,0,0,0,ESTIMATED,58.0,50.230000000000004,16295.063846153975,UNKNOWN,0,0,0,UNKNOWN,0,0,0,ESTIMATED,58.0,50.24,21071.249999999847,UNKNOWN,0,0,0,ESTIMATED,58.0,50.265,22733.09999999971,ESTIMATED,58.0,50.245,13729.499999999472,ESTIMATED,58.0,50.26,54910.54096864278,ESTIMATED,58.0,50.269999999999996,51780.29999999955,ESTIMATED,58.0,50.190000000000005,36239.1504195985,UNKNOWN,0,0,0,UNKNOWN,0,0,0,ESTIMATED,58.0,50.24,137196.90000006597,ESTIMATED,58.0,50.21,27944.613429394958,ESTIMATED,58.0,50.225,42054.45000000004,UNKNOWN,0,0,0,ESTIMATED,58.0,50.22,68681.69999999522,ESTIMATED,58.0,50.235,49947.299999998104
61,73.1,50.307,UNKNOWN,0,0,0,UNKNOWN,0,0,0,ESTIMATED,73.05000305175781,50.335,13133.400000006332,UNKNOWN,0,0,0,ESTIMATED,73.05000305175781,50.325,96985.49293143775,UNKNOWN,0,0,0,UNKNOWN,0,0,0,UNKNOWN,0,0,0,ESTIMATED,73.05000305175781,50.32,29623.80000001582,UNKNOWN,0,0,0,UNKNOWN,0,0,0,ESTIMATED,73.05000305175781,50.325,94713.57630448173,UNKNOWN,0,0,0,UNKNOWN,0,0,0,UNKNOWN,0,0,0,UNKNOWN,0,0,0,UNKNOWN,0,0,0,ESTIMATED,73.05000305175781,50.26,563698.5925018081,UNKNOWN,0,0,0,UNKNOWN,0,0,0,ESTIMATED,73.05000305175781,50.29,156103.20000008398,ESTIMATED,73.05000305175781,50.294999999999995,232451.10000015062,ESTIMATED,73.05000305175781,50.3,299189.08971811045,UNKNOWN,0,0,0,ESTIMATED,73.05000305175781,50.309999999999995,159288.5947663662
62,43.0,50.621,UNKNOWN,0,0,0,UNKNOWN,0,0,0,UNKNOWN,0,0,0,UNKNOWN,0,0,0,UNKNOWN,0,0,0,UNKNOWN,0,0,0,UNKNOWN,0,0,0,UNKNOWN,0,0,0,UNKNOWN,0,0,0,UNKNOWN,0,0,0,UNKNOWN,0,0,0,UNKNOWN,0,0,0,UNKNOWN,0,0,0,UNKNOWN,0,0,0,UNKNOWN,0,0,0,UNKNOWN,0,0,0,UNKNOWN,0,0,0,UNKNOWN,0,0,0,ESTIMATED,43.04999923706055,50.669999999999995,17659.949999999946,ESTIMATED,43.04999923706055,50.625,18668.39999999963,ESTIMATED,43.04999923706055,50.595,15637.199999999531,ESTIMATED,43.04999923706055,50.595,17018.40000000003,UNKNOWN,0,0,0,UNKNOWN,0,0,0,UNKNOWN,0,0,0
63,73.1,52.463,UNKNOWN,0,0,0,UNKNOWN,0,0,0,UNKNOWN,0,0,0,UNKNOWN,0,0,0,UNKNOWN,0,0,0,UNKNOWN,0,0,0,UNKNOWN,0,0,0,UNKNOWN,0,0,0,UNKNOWN,0,0,0,UNKNOWN,0,0,0,UNKNOWN,0,0,0,UNKNOWN,0,0,0,UNKNOWN,0,0,0,UNKNOWN,0,0,0,UNKNOWN,0,0,0,UNKNOWN,0,0,0,UNKNOWN,0,0,0,UNKNOWN,0,0,0,UNKNOWN,0,0,0,UNKNOWN,0,0,0,ESTIMATED,73.05000305175781,52.434999999999995,27214.800000000258,ESTIMATED,73.05000305175781,52.455000000000005,19377.59999999965,UNKNOWN,0,0,0,UNKNOWN,0,0,0,ESTIMATED,73.05000305175781,52.5,67296.02619111055
64,58.0,53.810,UNKNOWN,0,0,0,UNKNOWN,0,0,0,UNKNOWN,0,0,0,UNKNOWN,0,0,0,UNKNOWN,0,0,0,UNKNOWN,0,0,0,ESTIMATED,58.0,53.815000000000005,4402.500000000126,UNKNOWN,0,0,0,UNKNOWN,0,0,0,UNKNOWN,0,0,0,UNKNOWN,0,0,0,UNKNOWN,0,0,0,ESTIMATED,58.0,53.86,10975.650000000238,ESTIMATED,58.0,53.815000000000005,7974.45000000011,UNKNOWN,0,0,0,UNKNOWN,0,0,0,ESTIMATED,58.0,53.765,4969.349999999865,ESTIMATED,58.0,53.8,6440.399999999887,UNKNOWN,0,0,0,ESTIMATED,58.0,53.82,146172.30000009015,UNKNOWN,0,0,0,ESTIMATED,58.0,53.794999999999995,8117.849999999968,UNKNOWN,0,0,0,UNKNOWN,0,0,0,UNKNOWN,0,0,0
65,43.0,54.117,UNKNOWN,0,0,0,ESTIMATED,43.0,54.18,13475.999999999936,ESTIMATED,43.0,54.2,36610.80000001697,ESTIMATED,43.0,54.195,61643.70000003338,UNKNOWN,0,0,0,ESTIMATED,43.0,54.15,87543.45000004453,UNKNOWN,0,0,0,UNKNOWN,0,0,0,UNKNOWN,0,0,0,UNKNOWN,0,0,0,UNKNOWN,0,0,0,UNKNOWN,0,0,0,UNKNOWN,0,0,0,UNKNOWN,0,0,0,UNKNOWN,0,0,0,ESTIMATED,43.0,53.86,12757.800000000329,UNKNOWN,0,0,0,UNKNOWN,0,0,0,UNKNOWN,0,0,0,UNKNOWN,0,0,0,UNKNOWN,0,0,0,UNKNOWN,0,0,0,UNKNOWN,0,0,0,UNKNOWN,0,0,0,UNKNOWN,0,0,0
66,85.0,55.357,UNKNOWN,0,0,0,UNKNOWN,0,0,0,UNKNOWN,0,0,0,UNKNOWN,0,0,0,UNKNOWN,0,0,0,UNKNOWN,0,0,0,UNKNOWN,0,0,0,UNKNOWN,0,0,0,UNKNOWN,0,0,0,UNKNOWN,0,0,0,UNKNOWN,0,0,0,ESTIMATED,85.0,55.36,17032.79999999975,UNKNOWN,0,0,0,UNKNOWN,0,0,0,UNKNOWN,0,0,0,UNKNOWN,0,0,0,UNKNOWN,0,0,0,UNKNOWN,0,0,0,UNKNOWN,0,0,0,ESTIMATED,85.0,55.365,10387.349999999857,UNKNOWN,0,0,0,UNKNOWN,0,0,0,ESTIMATED,85.0,55.345,42425.70000000051,UNKNOWN,0,0,0,UNKNOWN,0,0,0
67,58.0,56.708,UNKNOWN,0,0,0,UNKNOWN,0,0,0,UNKNOWN,0,0,0,UNKNOWN,0,0,0,ESTIMATED,58.0,56.72,12461.399999999669,ESTIMATED,58.0,56.690000000000005,9449.399999999829,ESTIMATED,58.0,56.71,21783.299999999934,ESTIMATED,58.0,56.71,51947.55000002928,ESTIMATED,58.0,56.695,60722.2500000318,UNKNOWN,0,0,0,ESTIMATED,58.0,56.71,95164.20000004862,ESTIMATED,58.0,56.715,64841.20907769456,ESTIMATED,58.0,56.745,91035.57800374116,ESTIMATED,58.0,56.705000000000005,24339.46725257913,ESTIMATED,58.0,56.735,826219.5000004536,ESTIMATED,58.0,56.745,313033.1133866938,ESTIMATED,58.0,56.669999999999995,231378.90095978495,ESTIMATED,58.0,56.7,65888.4000000348,UNKNOWN,0,0,0,ESTIMATED,58.0,56.715,347316.9000002425,ESTIMATED,58.0,56.684999999999995,291628.2000001801,ESTIMATED,58.0,56.7,429068.4000002567,ESTIMATED,58.0,56.71,31025.062802625733,ESTIMATED,58.0,56.690000000000005,31422.59999999992,ESTIMATED,58.0,56.71,791052.0000003688
68,59.0,60.181,UNKNOWN,0,0,0,UNKNOWN,0,0,0,UNKNOWN,0,0,0,UNKNOWN,0,0,0,ESTIMATED,59.0,60.144999999999996,83557.19999999997,ESTIMATED,59.0,60.115,96803.40000005372,ESTIMATED,59.0,60.16,38692.80000000045,ESTIMATED,59.0,60.14,77602.79999999994,ESTIMATED,59.0,60.14,309023.69999999955,ESTIMATED,59.0,60.16,122496.7267774079,ESTIMATED,59.0,60.18,24813.750000000353,ESTIMATED,59.0,60.169999999999995,181805.842510697,ESTIMATED,59.0,60.18,106941.00000000022,ESTIMATED,59.0,60.16,542977.500000363,ESTIMATED,59.0,60.165,163916.25000008824,ESTIMATED,59.0,60.184999999999995,177959.1000000012,ESTIMATED,59.0,60.144999999999996,782093.3449732839,ESTIMATED,59.0,60.155,839236.0018511402,ESTIMATED,59.0,60.184999999999995,135623.40000000029,ESTIMATED,59.0,60.155,489503.07317374495,ESTIMATED,59.0,60.285,4964808.834199262,ESTIMATED,59.0,60.309999999999995,4922447.004979145,ESTIMATED,59.0,60.14,136766.81835447723,ESTIMATED,59.0,60.165,219760.75015954382,ESTIMATED,59.0,60.37,6497867.68160615
69,73.1,60.311,ESTIMATED,73.05000305175781,60.330000000000005,85659.90000004708,ESTIMATED,73.05000305175781,60.330000000000005,27179.100000014194,ESTIMATED,73.05000305175781,60.32,109048.80000006834,UNKNOWN,0,0,0,ESTIMATED,73.05000305175781,60.315000000000005,60994.25926683309,ESTIMATED,73.05000305175781,60.309999999999995,17770.800000000614,ESTIMATED,73.05000305175781,60.32,38218.80000002244,UNKNOWN,0,0,0,ESTIMATED,73.05000305175781,60.285,209499.90000012796,ESTIMATED,73.05000305175781,60.335,35136.60000000098,ESTIMATED,73.05000305175781,60.32,54047.400000030866,ESTIMATED,73.05000305175781,60.32,85821.30000004981,UNKNOWN,0,0,0,UNKNOWN,0,0,0,UNKNOWN,0,0,0,ESTIMATED,73.05000305175781,60.345,17212.56335227561,UNKNOWN,0,0,0,ESTIMATED,73.05000305175781,60.26,474383.40000027494,UNKNOWN,0,0,0,UNKNOWN,0,0,0,ESTIMATED,73.05000305175781,60.3,90339.26907585163,ESTIMATED,73.05000305175781,60.294999999999995,184327.11638320013,ESTIMATED,73.05000305175781,60.3,209742.30000012746,ESTIMATED,73.05000305175781,60.309999999999995,133435.79315622625,ESTIMATED,73.05000305175781,60.294999999999995,227718.1989695442
70,43.0,60.352,UNKNOWN,0,0,0,UNKNOWN,0,0,0,UNKNOWN,0,0,0,UNKNOWN,0,0,0,UNKNOWN,0,0,0,UNKNOWN,0,0,0,UNKNOWN,0,0,0,UNKNOWN,0,0,0,ESTIMATED,43.0,60.36,127543.04999999933,UNKNOWN,0,0,0,UNKNOWN,0,0,0,UNKNOWN,0,0,0,ESTIMATED,43.0,60.34,22011.381118565303,UNKNOWN,0,0,0,UNKNOWN,0,0,0,ESTIMATED,43.0,60.35,20596.78263153155,UNKNOWN,0,0,0,UNKNOWN,0,0,0,ESTIMATED,43.0,60.35,32610.87110165144,UNKNOWN,0,0,0,UNKNOWN,0,0,0,UNKNOWN,0,0,0,ESTIMATED,43.0,60.36,58984.35000000037,UNKNOWN,0,0,0,UNKNOWN,0,0,0
71,43.0,60.350,UNKNOWN,0,0,0,UNKNOWN,0,0,0,UNKNOWN,0,0,0,UNKNOWN,0,0,0,UNKNOWN,0,0,0,UNKNOWN,0,0,0,UNKNOWN,0,0,0,ESTIMATED,43.0,60.355000000000004,48502.94999999998,UNKNOWN,0,0,0,ESTIMATED,43.0,60.36,48099.44999999973,UNKNOWN,0,0,0,ESTIMATED,43.0,60.15,121344.09907370362,ESTIMATED,43.0,60.38,131350.49999999983,ESTIMATED,43.0,60.36,158947.050000001,ESTIMATED,43.0,60.375,209041.79999999955,ESTIMATED,43.0,60.394999999999996,108279.66725351855,ESTIMATED,43.0,60.315000000000005,98582.90648368082,UNKNOWN,0,0,0,ESTIMATED,43.0,60.385,84930.45000000096,ESTIMATED,43.0,60.325,72234.64493518785,ESTIMATED,43.0,60.37,439535.30116970115,UNKNOWN,0,0,0,UNKNOWN,0,0,0,UNKNOWN,0,0,0,ESTIMATED,43.0,60.43,277292.89713442745
72,68.1,61.183,UNKNOWN,0,0,0,UNKNOWN,0,0,0,UNKNOWN,0,0,0,UNKNOWN,0,0,0,UNKNOWN,0,0,0,UNKNOWN,0,0,0,UNKNOWN,0,0,0,UNKNOWN,0,0,0,UNKNOWN,0,0,0,UNKNOWN,0,0,0,UNKNOWN,0,0,0,UNKNOWN,0,0,0,UNKNOWN,0,0,0,UNKNOWN,0,0,0,UNKNOWN,0,0,0,UNKNOWN,0,0,0,ESTIMATED,68.05000305175781,61.155,13692.500861140952,UNKNOWN,0,0,0,UNKNOWN,0,0,0,UNKNOWN,0,0,0,UNKNOWN,0,0,0,UNKNOWN,0,0,0,UNKNOWN,0,0,0,ESTIMATED,68.05000305175781,61.190000000000005,89241.12946171225,ESTIMATED,68.05000305175781,61.205000000000005,15066.442537137222
73,44.0,61.346,UNKNOWN,0,0,0,UNKNOWN,0,0,0,UNKNOWN,0,0,0,UNKNOWN,0,0,0,UNKNOWN,0,0,0,UNKNOWN,0,0,0,UNKNOWN,0,0,0,UNKNOWN,0,0,0,UNKNOWN,0,0,0,UNKNOWN,0,0,0,UNKNOWN,0,0,0,ESTIMATED,44.0,61.34,38746.05720138009,UNKNOWN,0,0,0,UNKNOWN,0,0,0,UNKNOWN,0,0,0,UNKNOWN,0,0,0,UNKNOWN,0,0,0,ESTIMATED,44.0,61.325,95094.01992283162,UNKNOWN,0,0,0,UNKNOWN,0,0,0,ESTIMATED,44.0,61.335,119260.967117039,ESTIMATED,44.0,61.355000000000004,173389.0949389306,ESTIMATED,44.0,61.345,23955.255109489306,UNKNOWN,0,0,0,ESTIMATED,44.0,61.375,148936.26380643374
74,81.1,61.995,UNKNOWN,0,0,0,UNKNOWN,0,0,0,UNKNOWN,0,0,0,UNKNOWN,0,0,0,UNKNOWN,0,0,0,UNKNOWN,0,0,0,UNKNOWN,0,0,0,UNKNOWN,0,0,0,UNKNOWN,0,0,0,UNKNOWN,0,0,0,UNKNOWN,0,0,0,ESTIMATED,81.05000305175781,61.99,44781.899999998495,UNKNOWN,0,0,0,UNKNOWN,0,0,0,UNKNOWN,0,0,0,UNKNOWN,0,0,0,UNKNOWN,0,0,0,UNKNOWN,0,0,0,ESTIMATED,81.05000305175781,62.015,51533.80224671229,UNKNOWN,0,0,0,UNKNOWN,0,0,0,UNKNOWN,0,0,0,ESTIMATED,81.05000305175781,61.980000000000004,261511.21873001428,UNKNOWN,0,0,0,UNKNOWN,0,0,0
75,44.0,62.240,UNKNOWN,0,0,0,UNKNOWN,0,0,0,UNKNOWN,0,0,0,UNKNOWN,0,0,0,UNKNOWN,0,0,0,UNKNOWN,0,0,0,UNKNOWN,0,0,0,UNKNOWN,0,0,0,UNKNOWN,0,0,0,ESTIMATED,44.0,62.21,39711.750000000226,UNKNOWN,0,0,0,UNKNOWN,0,0,0,UNKNOWN,0,0,0,ESTIMATED,44.0,62.265,66596.10000000027,UNKNOWN,0,0,0,UNKNOWN,0,0,0,ESTIMATED,44.0,62.184999999999995,53639.72282169057,ESTIMATED,44.0,62.184999999999995,27682.30328235737,UNKNOWN,0,0,0,UNKNOWN,0,0,0,ESTIMATED,44.0,62.245,259820.09672893552,ESTIMATED,44.0,62.269999999999996,218094.15000013425,UNKNOWN,0,0,0,UNKNOWN,0,0,0,ESTIMATED,44.0,62.32,68580.57825370818
76,73.1,62.278,UNKNOWN,0,0,0,UNKNOWN,0,0,0,UNKNOWN,0,0,0,UNKNOWN,0,0,0,UNKNOWN,0,0,0,UNKNOWN,0,0,0,UNKNOWN,0,0,0,UNKNOWN,0,0,0,UNKNOWN,0,0,0,UNKNOWN,0,0,0,UNKNOWN,0,0,0,UNKNOWN,0,0,0,UNKNOWN,0,0,0,UNKNOWN,0,0,0,UNKNOWN,0,0,0,UNKNOWN,0,0,0,ESTIMATED,73.05000305175781,62.309999999999995,8864.56798493432,UNKNOWN,0,0,0,UNKNOWN,0,0,0,UNKNOWN,0,0,0,ESTIMATED,73.05000305175781,62.305,34830.993222683755,ESTIMATED,73.05000305175781,62.205000000000005,15968.144748631275,UNKNOWN,0,0,0,UNKNOWN,0,0,0,ESTIMATED,73.05000305175781,62.29,45743.00774481298
77,58.0,62.332,UNKNOWN,0,0,0,ESTIMATED,58.0,62.34,3624.7499999999977,UNKNOWN,0,0,0,UNKNOWN,0,0,0,ESTIMATED,58.0,62.34,3536.7000000000317,UNKNOWN,0,0,0,ESTIMATED,58.0,62.325,22103.100000000897,ESTIMATED,58.0,62.335,24922.13487504878,UNKNOWN,0,0,0,UNKNOWN,0,0,0,ESTIMATED,58.0,62.325,9112.049999999768,ESTIMATED,58.0,62.34,23633.700000000223,UNKNOWN,0,0,0,UNKNOWN,0,0,0,UNKNOWN,0,0,0,UNKNOWN,0,0,0,UNKNOWN,0,0,0,ESTIMATED,58.0,62.32,22833.299999999886,UNKNOWN,0,0,0,ESTIMATED,58.0,62.335,96779.1000000578,UNKNOWN,0,0,0,UNKNOWN,0,0,0,ESTIMATED,58.0,62.330000000000005,75648.60000004456,ESTIMATED,58.0,62.325,130397.17083090269,UNKNOWN,0,0,0
78,57.0,63.945,UNKNOWN,0,0,0,UNKNOWN,0,0,0,UNKNOWN,0,0,0,UNKNOWN,0,0,0,UNKNOWN,0,0,0,UNKNOWN,0,0,0,UNKNOWN,0,0,0,UNKNOWN,0,0,0,ESTIMATED,57.0,63.934999999999995,34706.85000001826,ESTIMATED,57.0,63.940000000000005,6203.750692520704,UNKNOWN,0,0,0,UNKNOWN,0,0,0,UNKNOWN,0,0,0,ESTIMATED,57.0,63.940000000000005,29880.900000000445,ESTIMATED,57.0,63.96,24709.13643823325,ESTIMATED,57.0,63.96,18542.400000000856,ESTIMATED,57.0,63.925,46646.400000001,UNKNOWN,0,0,0,ESTIMATED,57.0,63.975,9866.206549118408,ESTIMATED,57.0,63.940000000000005,43317.00000002158,ESTIMATED,57.0,63.925,107340.00000006334,ESTIMATED,57.0,63.945,101885.70000006183,UNKNOWN,0,0,0,UNKNOWN,0,0,0,ESTIMATED,57.0,63.95,139743.60000008237
79,47.4,63.854,UNKNOWN,0,0,0,UNKNOWN,0,0,0,UNKNOWN,0,0,0,UNKNOWN,0,0,0,ESTIMATED,69.05000305175781,63.96,3096.300000000289,UNKNOWN,0,0,0,UNKNOWN,0,0,0,ESTIMATED,43.0,63.95,17811.000000000597,UNKNOWN,0,0,0,UNKNOWN,0,0,0,UNKNOWN,0,0,0,UNKNOWN,0,0,0,ESTIMATED,43.0,63.965,11994.300000000276,ESTIMATED,43.04999923706055,63.755,14337.59999999986,UNKNOWN,0,0,0,UNKNOWN,0,0,0,ESTIMATED,43.04999923706055,63.745,19778.399999999903,UNKNOWN,0,0,0,UNKNOWN,0,0,0,UNKNOWN,0,0,0,ESTIMATED,43.04999923706055,63.75,13816.49999999992,UNKNOWN,0,0,0,UNKNOWN,0,0,0,UNKNOWN,0,0,0,UNKNOWN,0,0,0
80,98.1,64.655,UNKNOWN,0,0,0,ESTIMATED,98.05000305175781,64.66,21876.900000000605,UNKNOWN,0,0,0,ESTIMATED,98.05000305175781,64.66,58717.50000000295,UNKNOWN,0,0,0,ESTIMATED,98.05000305175781,64.645,65640.02830300257,UNKNOWN,0,0,0,UNKNOWN,0,0,0,UNKNOWN,0,0,0,UNKNOWN,0,0,0,UNKNOWN,0,0,0,UNKNOWN,0,0,0,UNKNOWN,0,0,0,UNKNOWN,0,0,0,UNKNOWN,0,0,0,UNKNOWN,0,0,0,UNKNOWN,0,0,0,UNKNOWN,0,0,0,UNKNOWN,0,0,0,UNKNOWN,0,0,0,UNKNOWN,0,0,0,UNKNOWN,0,0,0,UNKNOWN,0,0,0,UNKNOWN,0,0,0,UNKNOWN,0,0,0
81,42.0,64.772,UNKNOWN,0,0,0,UNKNOWN,0,0,0,ESTIMATED,42.04999923706055,64.78,30097.20510449454,ESTIMATED,42.04999923706055,64.785,74885.40000000595,UNKNOWN,0,0,0,ESTIMATED,42.04999923706055,64.75,85456.27473993457,UNKNOWN,0,0,0,UNKNOWN,0,0,0,UNKNOWN,0,0,0,UNKNOWN,0,0,0,UNKNOWN,0,0,0,UNKNOWN,0,0,0,UNKNOWN,0,0,0,UNKNOWN,0,0,0,UNKNOWN,0,0,0,UNKNOWN,0,0,0,UNKNOWN,0,0,0,UNKNOWN,0,0,0,UNKNOWN,0,0,0,UNKNOWN,0,0,0,UNKNOWN,0,0,0,UNKNOWN,0,0,0,UNKNOWN,0,0,0,UNKNOWN,0,0,0,UNKNOWN,0,0,0
82,60.0,65.065,UNKNOWN,0,0,0,UNKNOWN,0,0,0,UNKNOWN,0,0,0,UNKNOWN,0,0,0,UNKNOWN,0,0,0,UNKNOWN,0,0,0,UNKNOWN,0,0,0,UNKNOWN,0,0,0,UNKNOWN,0,0,0,UNKNOWN,0,0,0,UNKNOWN,0,0,0,ESTIMATED,60.0,65.09,51624.44999999984,UNKNOWN,0,0,0,UNKNOWN,0,0,0,UNKNOWN,0,0,0,UNKNOWN,0,0,0,UNKNOWN,0,0,0,UNKNOWN,0,0,0,UNKNOWN,0,0,0,UNKNOWN,0,0,0,UNKNOWN,0,0,0,UNKNOWN,0,0,0,ESTIMATED,60.0,65.055,93395.84719517198,ESTIMATED,60.0,65.06,66045.75000000013,ESTIMATED,60.0,65.055,69476.69999999905
83,80.1,65.353,UNKNOWN,0,0,0,UNKNOWN,0,0,0,UNKNOWN,0,0,0,UNKNOWN,0,0,0,UNKNOWN,0,0,0,UNKNOWN,0,0,0,ESTIMATED,80.05000305175781,65.355,9745.200000000474,UNKNOWN,0,0,0,ESTIMATED,80.05000305175781,65.34,16675.50000000026,UNKNOWN,0,0,0,UNKNOWN,0,0,0,UNKNOWN,0,0,0,UNKNOWN,0,0,0,ESTIMATED,80.05000305175781,65.35,13099.199999998877,UNKNOWN,0,0,0,UNKNOWN,0,0,0,UNKNOWN,0,0,0,UNKNOWN,0,0,0,ESTIMATED,80.05000305175781,65.36999999999999,33459.60000000141,UNKNOWN,0,0,0,UNKNOWN,0,0,0,UNKNOWN,0,0,0,ESTIMATED,80.05000305175781,65.35,41287.49999999912,UNKNOWN,0,0,0,UNKNOWN,0,0,0
84,73.1,65.639,ESTIMATED,73.05000305175781,65.65,47654.10000002479,ESTIMATED,73.05000305175781,65.645,19678.45380752477,ESTIMATED,73.05000305175781,65.645,36324.60000002031,UNKNOWN,0,0,0,ESTIMATED,73.05000305175781,65.645,51758.10000002803,UNKNOWN,0,0,0,ESTIMATED,73.05000305175781,65.635,60710.40000004021,ESTIMATED,73.05000305175781,65.645,19639.20000001083,ESTIMATED,73.05000305175781,65.625,146307.43472546604,ESTIMATED,73.05000305175781,65.645,26667.900000014608,ESTIMATED,73.05000305175781,65.64,77505.00000005348,ESTIMATED,73.05000305175781,65.645,75199.8000000454,ESTIMATED,73.05000305175781,65.65,68565.00000004105,ESTIMATED,73.05000305175781,65.64,63929.40000003864,ESTIMATED,73.05000305175781,65.645,56774.10000003457,ESTIMATED,73.05000305175781,65.645,125394.60000007915,ESTIMATED,73.05000305175781,65.635,50094.600000032224,ESTIMATED,73.05000305175781,65.625,155250.60000011115,ESTIMATED,73.05000305175781,65.65,71802.30000004271,ESTIMATED,73.05000305175781,65.645,46098.300000025665,ESTIMATED,73.05000305175781,65.63000000000001,50936.70000003516,ESTIMATED,73.05000305175781,65.63000000000001,117515.40000009192,ESTIMATED,73.05000305175781,65.635,98444.10000007546,ESTIMATED,73.05000305175781,65.625,268077.4500002233,ESTIMATED,73.05000305175781,65.61999999999999,299241.1500002404
85,59.0,65.801,UNKNOWN,0,0,0,ESTIMATED,59.0,65.8,3791.099999999617,UNKNOWN,0,0,0,ESTIMATED,59.0,65.805,4110.899999999857,ESTIMATED,59.0,65.8,4453.4999999999145,ESTIMATED,59.0,65.785,17902.049999999977,UNKNOWN,0,0,0,ESTIMATED,59.0,65.79,7401.599999999551,UNKNOWN,0,0,0,UNKNOWN,0,0,0,UNKNOWN,0,0,0,UNKNOWN,0,0,0,UNKNOWN,0,0,0,ESTIMATED,59.0,65.805,45883.20000002386,ESTIMATED,59.0,65.81,8406.600000003742,ESTIMATED,59.0,65.82,9690.299999999303,ESTIMATED,59.0,65.795,62197.20000003461,ESTIMATED,59.0,65.795,39791.99999999845,ESTIMATED,59.0,65.82,13698.899999999572,ESTIMATED,59.0,65.8,33951.75000001935,ESTIMATED,59.0,65.785,123598.80000007554,ESTIMATED,59.0,65.8,49441.19999999871,ESTIMATED,59.0,65.8,11160.000000000146,ESTIMATED,59.0,65.8,19328.225799593834,UNKNOWN,0,0,0
86,57.0,66.405,UNKNOWN,0,0,0,UNKNOWN,0,0,0,UNKNOWN,0,0,0,UNKNOWN,0,0,0,UNKNOWN,0,0,0,UNKNOWN,0,0,0,UNKNOWN,0,0,0,UNKNOWN,0,0,0,UNKNOWN,0,0,0,UNKNOWN,0,0,0,UNKNOWN,0,0,0,UNKNOWN,0,0,0,UNKNOWN,0,0,0,ESTIMATED,57.04999923706055,66.415,14476.500000006083,UNKNOWN,0,0,0,UNKNOWN,0,0,0,ESTIMATED,57.04999923706055,66.405,21276.504661926097,UNKNOWN,0,0,0,UNKNOWN,0,0,0,UNKNOWN,0,0,0,ESTIMATED,57.04999923706055,66.395,11284.200000005412,UNKNOWN,0,0,0,UNKNOWN,0,0,0,UNKNOWN,0,0,0,UNKNOWN,0,0,0
87,83.1,67.263,ESTIMATED,83.0999984741211,67.27,2945.699999999836,UNKNOWN,0,0,0,UNKNOWN,0,0,0,UNKNOWN,0,0,0,UNKNOWN,0,0,0,UNKNOWN,0,0,0,ESTIMATED,83.0999984741211,67.25500000000001,4378.799999999417,UNKNOWN,0,0,0,UNKNOWN,0,0,0,UNKNOWN,0,0,0,UNKNOWN,0,0,0,UNKNOWN,0,0,0,UNKNOWN,0,0,0,UNKNOWN,0,0,0,ESTIMATED,83.0999984741211,67.265,2348.5499999999965,UNKNOWN,0,0,0,UNKNOWN,0,0,0,UNKNOWN,0,0,0,UNKNOWN,0,0,0,UNKNOWN,0,0,0,UNKNOWN,0,0,0,UNKNOWN,0,0,0,UNKNOWN,0,0,0,UNKNOWN,0,0,0,UNKNOWN,0,0,0
88,43.0,67.805,UNKNOWN,0,0,0,UNKNOWN,0,0,0,ESTIMATED,43.0,67.815,24015.60000001075,ESTIMATED,43.0,67.81,30841.800000014984,UNKNOWN,0,0,0,ESTIMATED,43.0,67.79,33971.70000001597,UNKNOWN,0,0,0,UNKNOWN,0,0,0,UNKNOWN,0,0,0,UNKNOWN,0,0,0,UNKNOWN,0,0,0,UNKNOWN,0,0,0,UNKNOWN,0,0,0,UNKNOWN,0,0,0,UNKNOWN,0,0,0,UNKNOWN,0,0,0,UNKNOWN,0,0,0,UNKNOWN,0,0,0,UNKNOWN,0,0,0,UNKNOWN,0,0,0,UNKNOWN,0,0,0,UNKNOWN,0,0,0,UNKNOWN,0,0,0,UNKNOWN,0,0,0,UNKNOWN,0,0,0
89,94.1,68.064,UNKNOWN,0,0,0,UNKNOWN,0,0,0,UNKNOWN,0,0,0,UNKNOWN,0,0,0,UNKNOWN,0,0,0,UNKNOWN,0,0,0,UNKNOWN,0,0,0,UNKNOWN,0,0,0,UNKNOWN,0,0,0,UNKNOWN,0,0,0,UNKNOWN,0,0,0,UNKNOWN,0,0,0,UNKNOWN,0,0,0,ESTIMATED,94.05000305175781,68.065,23989.49999999899,ESTIMATED,94.05000305175781,68.075,14294.099999999871,ESTIMATED,94.05000305175781,68.075,12162.599999999355,ESTIMATED,94.05000305175781,68.05,32587.800000013758,UNKNOWN,0,0,0,UNKNOWN,0,0,0,ESTIMATED,94.05000305175781,68.065,42455.09999999685,ESTIMATED,94.05000305175781,68.045,14988.599999998667,UNKNOWN,0,0,0,UNKNOWN,0,0,0,ESTIMATED,94.05000305175781,68.07,27064.500000011125,ESTIMATED,94.05000305175781,68.065,46490.37945304428
90,60.8,68.140,UNKNOWN,0,0,0,UNKNOWN,0,0,0,UNKNOWN,0,0,0,UNKNOWN,0,0,0,UNKNOWN,0,0,0,UNKNOWN,0,0,0,UNKNOWN,0,0,0,UNKNOWN,0,0,0,UNKNOWN,0,0,0,UNKNOWN,0,0,0,UNKNOWN,0,0,0,UNKNOWN,0,0,0,UNKNOWN,0,0,0,UNKNOWN,0,0,0,ESTIMATED,74.0,68.175,3053.9999999998936,UNKNOWN,0,0,0,UNKNOWN,0,0,0,ESTIMATED,42.04999923706055,68.11999999999999,18306.60000000242,UNKNOWN,0,0,0,UNKNOWN,0,0,0,UNKNOWN,0,0,0,UNKNOWN,0,0,0,UNKNOWN,0,0,0,ESTIMATED,42.04999923706055,68.135,21743.70000000068,ESTIMATED,85.05000305175781,68.13000000000001,93652.95000000135
91,62.8,68.338,UNKNOWN,0,0,0,ESTIMATED,58.0,68.355,4347.899999999918,UNKNOWN,0,0,0,UNKNOWN,0,0,0,UNKNOWN,0,0,0,UNKNOWN,0,0,0,ESTIMATED,43.0,68.325,19710.299999998664,UNKNOWN,0,0,0,UNKNOWN,0,0,0,UNKNOWN,0,0,0,ESTIMATED,71.05000305175781,68.325,7875.0000000000955,UNKNOWN,0,0,0,UNKNOWN,0,0,0,UNKNOWN,0,0,0,ESTIMATED,71.05000305175781,68.33999999999999,6414.899999999663,UNKNOWN,0,0,0,UNKNOWN,0,0,0,UNKNOWN,0,0,0,ESTIMATED,71.05000305175781,68.345,11971.500000000064,UNKNOWN,0,0,0,UNKNOWN,0,0,0,UNKNOWN,0,0,0,UNKNOWN,0,0,0,UNKNOWN,0,0,0,UNKNOWN,0,0,0
92,59.0,68.342,ESTIMATED,59.04999923706055,68.33999999999999,4931.70000000001,UNKNOWN,0,0,0,UNKNOWN,0,0,0,UNKNOWN,0,0,0,UNKNOWN,0,0,0,UNKNOWN,0,0,0,UNKNOWN,0,0,0,UNKNOWN,0,0,0,UNKNOWN,0,0,0,UNKNOWN,0,0,0,UNKNOWN,0,0,0,UNKNOWN,0,0,0,ESTIMATED,59.04999923706055,68.33999999999999,1.0565362345703918E-8,UNKNOWN,0,0,0,UNKNOWN,0,0,0,UNKNOWN,0,0,0,UNKNOWN,0,0,0,UNKNOWN,0,0,0,ESTIMATED,59.04999923706055,68.345,9875.658644960844,UNKNOWN,0,0,0,UNKNOWN,0,0,0,UNKNOWN,0,0,0,UNKNOWN,0,0,0,UNKNOWN,0,0,0,UNKNOWN,0,0,0
93,71.1,68.365,UNKNOWN,0,0,0,UNKNOWN,0,0,0,UNKNOWN,0,0,0,UNKNOWN,0,0,0,UNKNOWN,0,0,0,UNKNOWN,0,0,0,UNKNOWN,0,0,0,UNKNOWN,0,0,0,UNKNOWN,0,0,0,UNKNOWN,0,0,0,UNKNOWN,0,0,0,UNKNOWN,0,0,0,ESTIMATED,71.05000305175781,68.33999999999999,9725.986479518599,UNKNOWN,0,0,0,UNKNOWN,0,0,0,ESTIMATED,71.05000305175781,68.345,10746.50793728107,UNKNOWN,0,0,0,UNKNOWN,0,0,0,UNKNOWN,0,0,0,UNKNOWN,0,0,0,UNKNOWN,0,0,0,UNKNOWN,0,0,0,UNKNOWN,0,0,0,ESTIMATED,71.05000305175781,68.325,17471.99950307418,ESTIMATED,71.05000305175781,68.45,90484.65000004889
94,73.1,68.770,UNKNOWN,0,0,0,UNKNOWN,0,0,0,ESTIMATED,73.05000305175781,68.775,12966.900000006888,UNKNOWN,0,0,0,UNKNOWN,0,0,0,UNKNOWN,0,0,0,ESTIMATED,73.05000305175781,68.77,24230.100000015624,ESTIMATED,73.05000305175781,68.77,12973.154298892805,ESTIMATED,73.05000305175781,68.765,52921.50000003709,UNKNOWN,0,0,0,ESTIMATED,73.05000305175781,68.77,28251.300000015333,ESTIMATED,73.05000305175781,68.775,14771.700000007797,ESTIMATED,73.05000305175781,68.78,29761.50000001578,ESTIMATED,73.05000305175781,68.77,50733.3000000285,ESTIMATED,73.05000305175781,68.775,31464.30000001765,ESTIMATED,73.05000305175781,68.78,45958.80000002497,ESTIMATED,73.05000305175781,68.76,70886.40000004694,ESTIMATED,73.05000305175781,68.765,39047.70000002504,ESTIMATED,73.05000305175781,68.78,28988.10000001701,ESTIMATED,73.05000305175781,68.77,33660.90000001858,ESTIMATED,73.05000305175781,68.765,28004.700000017867,ESTIMATED,73.05000305175781,68.765,30423.300000018084,ESTIMATED,73.05000305175781,68.77,20153.700000011144,ESTIMATED,73.05000305175781,68.765,121260.32115500691,ESTIMATED,73.05000305175781,68.76,156246.90000012706
95,107.1,69.635,UNKNOWN,0,0,0,UNKNOWN,0,0,0,UNKNOWN,0,0,0,UNKNOWN,0,0,0,UNKNOWN,0,0,0,ESTIMATED,107.05000305175781,69.61999999999999,16118.471255051614,ESTIMATED,107.05000305175781,69.635,16756.197039052393,ESTIMATED,107.05000305175781,69.63000000000001,22965.300000011423,ESTIMATED,107.05000305175781,69.625,20978.70000001095,UNKNOWN,0,0,0,ESTIMATED,107.05000305175781,69.64,21787.500000011503,ESTIMATED,107.05000305175781,69.64,12846.900000000527,ESTIMATED,107.05000305175781,69.645,63910.20000003896,ESTIMATED,107.05000305175781,69.635,93489.90000005664,ESTIMATED,107.05000305175781,69.64,58981.05396616467,ESTIMATED,107.05000305175781,69.65,37188.600000017075,ESTIMATED,107.05000305175781,69.625,197704.80000013576,ESTIMATED,107.05000305175781,69.63000000000001,37458.60000002011,ESTIMATED,107.05000305175781,69.65,30045.00000001522,ESTIMATED,107.05000305175781,69.635,58267.80000003588,ESTIMATED,107.05000305175781,69.61999999999999,114462.90000007779,ESTIMATED,107.05000305175781,69.63000000000001,46043.4000000241,ESTIMATED,107.05000305175781,69.635,9750.000000005053,ESTIMATED,107.05000305175781,69.64,188260.80000011314,ESTIMATED,107.05000305175781,69.635,493574.40000025654
96,73.1,71.380,ESTIMATED,73.05000305175781,71.385,4883.936432873284,UNKNOWN,0,0,0,UNKNOWN,0,0,0,UNKNOWN,0,0,0,UNKNOWN,0,0,0,UNKNOWN,0,0,0,ESTIMATED,73.05000305175781,71.38000000000001,7637.393336573275,UNKNOWN,0,0,0,ESTIMATED,73.05000305175781,71.375,12425.700000008364,UNKNOWN,0,0,0,ESTIMATED,73.05000305175781,71.38000000000001,5123.636102154395,UNKNOWN,0,0,0,UNKNOWN,0,0,0,ESTIMATED,73.05000305175781,71.38000000000001,15290.100000011094,UNKNOWN,0,0,0,ESTIMATED,73.05000305175781,71.39,13649.10000000816,ESTIMATED,73.05000305175781,71.375,27627.30000002033,ESTIMATED,73.05000305175781,71.375,12923.763364284729,UNKNOWN,0,0,0,UNKNOWN,0,0,0,ESTIMATED,73.05000305175781,71.375,8371.200000005167,UNKNOWN,0,0,0,UNKNOWN,0,0,0,ESTIMATED,73.05000305175781,71.38000000000001,35238.15000002621,ESTIMATED,73.05000305175781,71.38000000000001,55207.144311777185
97,99.1,71.417,UNKNOWN,0,0,0,UNKNOWN,0,0,0,UNKNOWN,0,0,0,UNKNOWN,0,0,0,UNKNOWN,0,0,0,UNKNOWN,0,0,0,ESTIMATED,99.05000305175781,71.41000000000001,9834.889220850566,UNKNOWN,0,0,0,UNKNOWN,0,0,0,ESTIMATED,99.05000305175781,71.425,9329.099999999371,UNKNOWN,0,0,0,UNKNOWN,0,0,0,UNKNOWN,0,0,0,UNKNOWN,0,0,0,UNKNOWN,0,0,0,UNKNOWN,0,0,0,ESTIMATED,99.05000305175781,71.41499999999999,8382.599999999871,ESTIMATED,99.05000305175781,71.41000000000001,20999.298462000825,UNKNOWN,0,0,0,UNKNOWN,0,0,0,UNKNOWN,0,0,0,UNKNOWN,0,0,0,ESTIMATED,99.05000305175781,71.42,7213.199999999657,ESTIMATED,99.05000305175781,71.42,22849.19999999933,UNKNOWN,0,0,0
98,191.1,73.714,UNKNOWN,0,0,0,UNKNOWN,0,0,0,UNKNOWN,0,0,0,UNKNOWN,0,0,0,UNKNOWN,0,0,0,UNKNOWN,0,0,0,UNKNOWN,0,0,0,UNKNOWN,0,0,0,UNKNOWN,0,0,0,UNKNOWN,0,0,0,ESTIMATED,191.10000610351562,73.705,6452.999999999998,UNKNOWN,0,0,0,ESTIMATED,191.10000610351562,73.71499999999999,9237.89999999952,UNKNOWN,0,0,0,UNKNOWN,0,0,0,ESTIMATED,191.10000610351562,73.725,7689.300000005253,UNKNOWN,0,0,0,UNKNOWN,0,0,0,UNKNOWN,0,0,0,UNKNOWN,0,0,0,UNKNOWN,0,0,0,UNKNOWN,0,0,0,UNKNOWN,0,0,0,ESTIMATED,191.10000610351562,73.71000000000001,9706.799999998131,UNKNOWN,0,0,0
99,73.1,73.753,UNKNOWN,0,0,0,UNKNOWN,0,0,0,UNKNOWN,0,0,0,UNKNOWN,0,0,0,UNKNOWN,0,0,0,UNKNOWN,0,0,0,UNKNOWN,0,0,0,UNKNOWN,0,0,0,UNKNOWN,0,0,0,UNKNOWN,0,0,0,UNKNOWN,0,0,0,UNKNOWN,0,0,0,UNKNOWN,0,0,0,UNKNOWN,0,0,0,UNKNOWN,0,0,0,UNKNOWN,0,0,0,ESTIMATED,73.05000305175781,73.75,5413.272089546092,UNKNOWN,0,0,0,UNKNOWN,0,0,0,UNKNOWN,0,0,0,UNKNOWN,0,0,0,UNKNOWN,0,0,0,UNKNOWN,0,0,0,ESTIMATED,73.05000305175781,73.76,9259.164085191722,ESTIMATED,73.05000305175781,73.75,18033.62525919058
100,120.1,75.053,UNKNOWN,0,0,0,UNKNOWN,0,0,0,UNKNOWN,0,0,0,UNKNOWN,0,0,0,UNKNOWN,0,0,0,UNKNOWN,0,0,0,UNKNOWN,0,0,0,UNKNOWN,0,0,0,UNKNOWN,0,0,0,UNKNOWN,0,0,0,UNKNOWN,0,0,0,UNKNOWN,0,0,0,UNKNOWN,0,0,0,UNKNOWN,0,0,0,UNKNOWN,0,0,0,UNKNOWN,0,0,0,ESTIMATED,120.05000305175781,75.05,14450.089901701289,UNKNOWN,0,0,0,UNKNOWN,0,0,0,UNKNOWN,0,0,0,ESTIMATED,120.05000305175781,75.05,15016.445725345031,UNKNOWN,0,0,0,UNKNOWN,0,0,0,ESTIMATED,120.05000305175781,75.06,19262.09999999885,UNKNOWN,0,0,0
101,99.1,75.503,UNKNOWN,0,0,0,UNKNOWN,0,0,0,UNKNOWN,0,0,0,UNKNOWN,0,0,0,UNKNOWN,0,0,0,UNKNOWN,0,0,0,ESTIMATED,99.05000305175781,75.49499999999999,9891.300000000247,UNKNOWN,0,0,0,UNKNOWN,0,0,0,UNKNOWN,0,0,0,UNKNOWN,0,0,0,UNKNOWN,0,0,0,UNKNOWN,0,0,0,UNKNOWN,0,0,0,UNKNOWN,0,0,0,UNKNOWN,0,0,0,ESTIMATED,99.05000305175781,75.49499999999999,6481.2000000007365,UNKNOWN,0,0,0,ESTIMATED,99.05000305175781,75.515,6559.730143128953,UNKNOWN,0,0,0,UNKNOWN,0,0,0,UNKNOWN,0,0,0,UNKNOWN,0,0,0,UNKNOWN,0,0,0,ESTIMATED,99.05000305175781,75.50500000000001,10821.600000001097
102,117.1,75.979,UNKNOWN,0,0,0,UNKNOWN,0,0,0,UNKNOWN,0,0,0,UNKNOWN,0,0,0,UNKNOWN,0,0,0,UNKNOWN,0,0,0,UNKNOWN,0,0,0,UNKNOWN,0,0,0,UNKNOWN,0,0,0,UNKNOWN,0,0,0,UNKNOWN,0,0,0,UNKNOWN,0,0,0,UNKNOWN,0,0,0,UNKNOWN,0,0,0,UNKNOWN,0,0,0,UNKNOWN,0,0,0,ESTIMATED,117.05000305175781,75.96499999999999,98762.40000005034,UNKNOWN,0,0,0,ESTIMATED,117.05000305175781,75.99499999999999,11468.699999999688,ESTIMATED,117.05000305175781,75.98,20058.000000000004,UNKNOWN,0,0,0,UNKNOWN,0,0,0,UNKNOWN,0,0,0,ESTIMATED,117.05000305175781,75.98,47175.02695865849,ESTIMATED,117.05000305175781,75.975,12928.800000000992
103,69.1,89.016,UNKNOWN,0,0,0,UNKNOWN,0,0,0,UNKNOWN,0,0,0,UNKNOWN,0,0,0,UNKNOWN,0,0,0,UNKNOWN,0,0,0,UNKNOWN,0,0,0,UNKNOWN,0,0,0,UNKNOWN,0,0,0,UNKNOWN,0,0,0,UNKNOWN,0,0,0,UNKNOWN,0,0,0,UNKNOWN,0,0,0,UNKNOWN,0,0,0,ESTIMATED,69.05000305175781,89.025,7691.099999999416,ESTIMATED,69.05000305175781,89.025,19067.40000000989,ESTIMATED,69.05000305175781,89.00500000000001,19637.700000000375,UNKNOWN,0,0,0,UNKNOWN,0,0,0,UNKNOWN,0,0,0,ESTIMATED,69.05000305175781,89.01,10473.599999999928,UNKNOWN,0,0,0,UNKNOWN,0,0,0,UNKNOWN,0,0,0,UNKNOWN,0,0,0
